/*
SQLyog Community v13.1.9 (64 bit)
MySQL - 10.4.22-MariaDB : Database - csmmhom2_eservicio
*********************************************************************
*/

/*!40101 SET NAMES utf8 */;

/*!40101 SET SQL_MODE=''*/;

/*!40014 SET @OLD_UNIQUE_CHECKS=@@UNIQUE_CHECKS, UNIQUE_CHECKS=0 */;
/*!40014 SET @OLD_FOREIGN_KEY_CHECKS=@@FOREIGN_KEY_CHECKS, FOREIGN_KEY_CHECKS=0 */;
/*!40101 SET @OLD_SQL_MODE=@@SQL_MODE, SQL_MODE='NO_AUTO_VALUE_ON_ZERO' */;
/*!40111 SET @OLD_SQL_NOTES=@@SQL_NOTES, SQL_NOTES=0 */;
CREATE DATABASE /*!32312 IF NOT EXISTS*/`csmmhom2_eservicio` /*!40100 DEFAULT CHARACTER SET utf8mb4 */;

USE `csmmhom2_eservicio`;

/*Data for the table `accountings` */

/*Data for the table `banks` */

insert  into `banks`(`id`,`nombre`,`cuenta`,`moneda`,`monto`,`office_id`,`created_at`,`updated_at`) values 
(1,'Banco Union','1 - 6381408','BS',108272.91,2,NULL,NULL);

/*Data for the table `buy_sells` */

insert  into `buy_sells`(`id`,`fecha_descarga`,`fecha_compra`,`hora_descarga`,`cantidad`,`nro_compra`,`factura`,`papeleria`,`adicional`,`debito_banco`,`vehiculo`,`chofer`,`responsable`,`observaciones`,`tipo`,`bank_id`,`tank_id`,`office_id`,`user_id`,`created_at`,`updated_at`) values 
(2,'2022-01-18','2022-01-18','08:00:00',14000.00,'001121544','1524',3.00,2.40,49567.80,'1881-FYT','Alfredo Guzman','Marina Caceres','DO 14000 LTRS','Compra',1,3,2,2,NULL,NULL),
(3,'2022-01-18','2022-01-18','08:00:00',14000.00,'123456789','1234',3.00,2.40,49567.80,'1590 - TRY','Alvaro Perez','Marina Caceres','DO 14000 Lts','Compra',1,7,2,2,NULL,NULL);

/*Data for the table `clients` */

insert  into `clients`(`id`,`nombre`,`nit`,`correo`,`direccion`,`telefono`,`telefono2`,`representante_legal`,`representante_ci`,`representante_telefono`,`representante_telefono2`,`representante_email`,`representante_detalles`,`estado`,`office_id`,`user_id`,`created_at`,`updated_at`,`deleted_at`) values 
(3,'Nuevo Cliente S2','49841651',NULL,NULL,NULL,NULL,NULL,NULL,NULL,NULL,NULL,NULL,'Activo',2,2,'2021-12-29 11:42:48','2021-12-29 11:42:48',NULL),
(4,'Empresa Municipal de servicios de Aseo','10240000018',NULL,'Av final circunvalacion','4235551','4235552','Raul Alvarez ','9847451 cb','Jaime Mamani','6514213 cb','emsa@gmail.com.bo',NULL,'Activo',1,2,'2022-01-22 02:19:43','2022-01-22 04:50:30',NULL),
(5,'Otros Clientes','17548111019',NULL,'Av Melchor perez de olguin zona hipodromo','4254188','4254189','Milton Lopez','9874444 cb','Elena saavedra','7845125 cb','otrosclientes@gmail.com',NULL,'Activo',1,2,'2022-01-22 02:22:57','2022-01-22 02:22:57',NULL),
(6,'Daoli SRL','974112200012',NULL,'AV PETROLERA KM 4','4222500','422501','Ivan Hidalgo','9874521cb','Erika Rocha','9854741 cb','clientesant@gmail.com.bo',NULL,'Activo',1,2,'2022-01-22 04:49:50','2022-01-27 22:29:36',NULL);

/*Data for the table `conciliations` */

/*Data for the table `dispensers` */

insert  into `dispensers`(`id`,`nombre`,`meter`,`fuel_id`,`tank_id`,`office_id`) values 
(3,'Disp 01',1681295.58,6,6,2),
(4,'Disp 02',1414509.44,6,6,2),
(5,'Disp 03',2615258.93,6,6,2),
(6,'Disp 04',2154691.55,6,6,2),
(9,'GNV 01',4793508.19,1,1,1),
(10,'GNV 02',3930395.23,1,1,1),
(11,'GNV 03',1610021.19,1,1,1),
(12,'GNV 04',1257875.64,1,1,1),
(13,'GNV 05',2692092.18,1,1,1),
(14,'GNV 06',3265162.82,1,1,1),
(15,'GNV 07',6544915.17,1,1,1),
(16,'GNV 08',6889799.64,1,1,1),
(17,'DIESEL 09',5949348.45,4,7,1),
(18,'DIESEL 11',12148348.92,4,7,1),
(19,'DIESEL 13',3879989.62,4,7,1),
(20,'DIESEL 14',2928850.50,4,7,1),
(21,'GASOLINA 10',6645539.45,2,1,1),
(22,'GASOLINA 12',4027370.33,2,1,1);

/*Data for the table `drivers` */

insert  into `drivers`(`id`,`nombre`,`ci`,`paterno`,`materno`,`licencia`,`estado`,`client_id`,`created_at`,`updated_at`) values 
(4,'Don Esteban',NULL,NULL,NULL,NULL,'Activo',3,NULL,NULL),
(5,'Alfredo','5641112','Guzman','Mariaca','5641112','Activo',4,NULL,NULL);

/*Data for the table `factors` */

/*Data for the table `failed_jobs` */

/*Data for the table `fuels` */

insert  into `fuels`(`id`,`nombre`,`precio_compra`,`precio_venta`,`unidad`,`office_id`) values 
(1,'GNV',1.66,1.66,'m3',1),
(2,'Gasolina',3.74,3.74,'L',1),
(3,'Gasolina Premium',4.79,4.79,'L',1),
(4,'Diesel',3.72,3.72,'L',1),
(6,'GNV',NULL,1.66,NULL,2);

/*Data for the table `functionalities` */

insert  into `functionalities`(`id`,`code`,`label`,`path`,`mostrar`,`menu_id`) values 
(1,'CROL','Crear Rol','admin/role/create',0,1),
(2,'EROL','Editar Rol','admin/role/edit',0,1),
(3,'DROL','Eliminar ROl','admin/role/delete',0,1),
(4,'ROL','Ver Roles','admin/role',1,1),
(5,'CUSE','Registrar Usuario','user/create',0,2),
(6,'EUSE','Editar Usuario','user/edit',0,2),
(7,'DUSE','Eliminar Usuario','user/delete',0,2),
(8,'USE','Ver Usuarios','user',1,2),
(9,'CMEN','Crear Menu','admin/menu/create',0,3),
(10,'EMEN','Editar Menu','admin/menu/edit',0,3),
(11,'DMEN','Eliminar Menu','admin/menu/delete',0,3),
(12,'MEN','Ver Menus','admin/menu',1,3),
(13,'CFUN','Crear Funcionalidad','admin/functionality/create',0,4),
(14,'EFUN','Editar Funcionalidad','admin/functionality/edit',0,4),
(15,'DFUN','Eliminar Funcionalid','admin/functionality/edlete',0,4),
(16,'FUN','Ver Funcionnalidades','admin/functionality',1,4),
(17,'COFF','Crear Sucursal','admin/office/create',0,5),
(18,'EOFF','Editar Sucursal','admin/office/edit',0,5),
(19,'DOFF','Eliminar Sucursal','admin/office/delete',0,5),
(20,'OFF','Ver Sucursales','admin/office',1,5),
(21,'CCLI','Registrar Cliente','admin/client/create',0,6),
(22,'ECLI','Editar Cliente','admin/client/edit',0,6),
(23,'DCLI','Eliminar Cliente','admin/client/delete',0,6),
(24,'CLI','Ver clientes','admin/client',1,6),
(25,'CDIS','Registrar Dispenser','admin/dispenser/create',0,7),
(26,'EDIS','Editar Dispenser','admin/dispenser/edit',0,7),
(27,'DDIS','Eliminar Dispenser','admin/dispenser/delete',0,7),
(28,'DIS','Ver Dispensers','admin/dispenser',1,7),
(29,'CTIC','Crear Vale','admin/ticket/create',0,8),
(30,'ETIC','Editar Vale','admin/ticket/edit',0,8),
(31,'DTIC','Eliminar Ticket','admin/ticket/delete',0,8),
(32,'TIC','Ver Tickets','admin/ticket',1,8),
(33,'CFUE','Registrar Combustibl','admin/fuel/create',0,9),
(34,'EFUE','Editar Combustible','admin/fuel/edit',0,9),
(35,'DFUE','Eliminar Combustible','admin/fuel/delete',0,9),
(36,'FUE','Ver Combustibles','admin/fuel',1,9),
(37,'CARQ','Registrar Arqueo','admin/arching/create',0,10),
(38,'EARQ','Editar Arqueo','admin/arching/edit',0,10),
(39,'DARQ','Eliminar Arqueo','admin/arching/delete',0,10),
(40,'ARQ','Ver Arqueos','admin/arching',1,10),
(41,'MTUR','Crear Turno','admin/turn/create',0,11),
(42,'ETUR','Editar Turno','admin/turn/edit',0,11),
(43,'DTUR','Eliminar Turno','admin/turn/delete',0,11),
(44,'TUR','Ver Turnos','admin/turn',1,11),
(45,'RMOVD','Movimiento Diario','admin/report/movimiento_diario',1,12),
(46,'RMPF','Mov por Fechas','admin/report/movimiento_por_fechas',1,12),
(47,'RAPDI','Arqueos x Dispensers','admin/report/reportes_dispensers',0,12),
(48,'CCOM','Registrar Compra de ','admin/buysell/create',0,13),
(49,'ECOM','Ediar Compra','admin/buysell/edit',0,13),
(50,'DCOM','Eliminar Compra','admin/buysell/delete',0,13),
(51,'COM','Ver Compras','admin/buysell',1,13),
(52,'CBAN','Registrar Banco','admin/bank/create',0,14),
(53,'EBAN','Editar Banco','admin/bank/edit',0,14),
(54,'DBAN','Borrar Banco','admin/bank/delete',0,14),
(55,'BAN','Bancos','admin/bank',1,14),
(56,'CFAC','Crear Factor','admin/factor/create',0,15),
(57,'EFAC','Editar Factor','admin/factor/edit',0,15),
(58,'DFAC','Eliminar Factor','admin/factor/delete',0,15),
(59,'FAC','Factor GNV','admin/factor',1,15),
(60,'CLEC','Crear Lectura','admin/lectura/create',0,15),
(61,'ELEC','Editar Lectura','admin/lectura/edit',0,15),
(62,'DLEC','Eliminar Lectura','admin/lectura/delete',0,15),
(63,'LEC','Lecturas PRM','admin/lectura',1,15),
(64,'RCNTR','Cuadro de Control','admin/report/cuadro_de_control',1,15);

/*Data for the table `humans` */

insert  into `humans`(`id`,`password`,`nombre_completo`,`ci`,`fecha_nacimiento`,`direccion`,`zona`,`telefono`,`telefono2`,`nivel_estudio`,`estado_civil`,`hijos`,`ex_empresa`,`ex_cargo`,`ex_tiempo`,`ex_jefe`,`ex_renuncia`,`ex_observaciones`,`fecha_ingreso`,`fecha_retiro`,`casillero`,`siges`,`biometrico`,`softcontrol`,`cuenta_bmsc`,`afp`,`foto`,`nombre_garante`,`relacion_garante`,`telefono_garante`,`trabajo_garante`,`direccion_garante`,`nombre_referencia_personal`,`relacion_referencia_personal`,`telefono_referencia_personal`,`trabajo_referencia_personal`,`direccion_referencia_personal`,`office_id`,`created_at`,`updated_at`,`deleted_at`) values 
(1,NULL,NULL,NULL,NULL,NULL,NULL,NULL,NULL,NULL,NULL,NULL,NULL,NULL,NULL,NULL,NULL,NULL,NULL,NULL,NULL,NULL,NULL,NULL,NULL,NULL,NULL,NULL,NULL,NULL,NULL,NULL,NULL,NULL,NULL,NULL,NULL,1,'2022-01-14 05:04:39','2022-01-14 05:04:45',NULL),
(2,'adminhappy123','Administrador','123456','1979-03-05','Dirección','Zona','78784545','456123','Grado de estudio','Soltero',0,'Empresa X','Administrador','6 meses','Nombre','Renuncia','Observacionas','2022-01-01',NULL,'1','Usuario123456','1','00000000','4040404040','FUTURO','storage/photos/user_2.JPG','Garante','Parentesco Garante','70707070','Trabajo Garante','Dirección Garante','Referencia Personal','Parentesco Referencia','76767676','Ocupación Referencia Personal','Dirección Referencia Personal',1,'2022-01-14 05:04:41','2022-01-14 05:04:47',NULL),
(3,'Operador',NULL,NULL,NULL,NULL,NULL,NULL,NULL,NULL,NULL,NULL,NULL,NULL,NULL,NULL,NULL,NULL,NULL,NULL,NULL,NULL,NULL,NULL,NULL,NULL,'storage/photos/user_3.JPG',NULL,NULL,NULL,NULL,NULL,NULL,NULL,NULL,NULL,NULL,1,'2022-01-14 05:04:43','2022-01-14 05:04:48',NULL),
(4,'Jhenny','Jhenny Huaytari Calizaya','9388893 cb','1995-01-20','Av. Innominada y Calle Los Bosques','1 de Mayo','77979996','n/t','Bachiller','Casada',3,'Panadería Montaño','Repartidora','6 meses','Griseley Montaño','Por motivos familiares','Trabajo en sucre','2021-09-01',NULL,'11','JHENNY/8893','9','9388893/8893','4029952292','FUTURO','storage/photos/user_4.JPG','Victor Eduardo Rodriguez Tola','Esposo','77418199','Albañil','Misma dirección','Marisol Huayta Calizaya','Hermana','76441302','Cajera en Cafetería','Misma dirección',1,NULL,NULL,NULL),
(5,'dsa',NULL,NULL,NULL,NULL,NULL,NULL,NULL,NULL,NULL,NULL,NULL,NULL,NULL,NULL,NULL,NULL,NULL,NULL,NULL,NULL,NULL,NULL,NULL,NULL,'',NULL,NULL,NULL,NULL,NULL,NULL,NULL,NULL,NULL,NULL,1,NULL,NULL,NULL),
(6,'0109','Junior Jesus Guillen Alvarado','14700109','1999-11-07','Av. Melchor Prez y Calle La Merced','Mayorazgo','75494086','0','Bachiller','Soltero',0,'E.S. LAS PALMERAS','Operador','3 Meses','0','Culminacion de contrato','0','2021-09-01','2021-11-28','5','JUNIOR/0109','12','14700109/0109','4066652059','FUTURO','storage/photos/user_6.JPG','Jose Luis Alvarado Quinteros','Tio','67570689','Chofer de taxi','Misma direccion del operador','Toribia Quinteros Nuñez','Abuela','4420011','Ama de casa','Misma direccion del operador',1,NULL,NULL,NULL),
(7,'0664','Jacquelin Hinojosa Huanca','7860664','2000-08-15','Av. Innominada y Calle Los Bosques','Tacata','72704019','0','Bachiller','Casada',0,'CHANST Y UUON','Vendedora de ropa','1 mes','Fabio','Falta de pago','0','2021-12-02','2022-02-28','5','JACQUELIN/0664','9','7860664/0664','4070842931','Futuro','storage/photos/user_7.JPG','Sandra Huanca Fernandez','Mama','67583269','Comerciante de abarrotes','Misma direccion del operador','Ivan Hinojosa Huanca','Hermano','75901232','Estudiante','Misma direccion del operador',1,NULL,NULL,NULL),
(8,'2509','Galia Hefziba Quiroga Carrasco','9422509','1997-07-15','Av.Simon Lopez y Calle 12 de Octubre','Colquiri Norte','65342074','0','Bachiller','Soltera',1,'E.S. ASUNCION','Operadora ','1 Mes','0','Problemas de salud','0','2021-11-06','2022-02-02','8','GALIA/2509','6','9422509/2509','4069994655','FUTURO','storage/photos/user_8.JPG','Paola Ivanna Carrasco Covarrubias','Mama','79758430','Ama de casa','Misma direccion del operador','Ivan Quiroga Carrasco','Hermano','62722072','Repartidor delivery','Misma direccion del operador',1,NULL,NULL,NULL),
(9,'6414','Adriana Ariel Quiroga Carrasco','9316414','1995-09-05','Av.Simon Lopez y Calle Colquiri Sud','Colquiri Sud','70792997','0','Bachiller','Soltera',0,'E.S. CNG','Operadora','6 Meses','David Escobar','Retiro Voluntario','0','2021-07-01','2021-09-27','1','ARIEL/6414','5','9316414/6414','4067579475','FUTURO','storage/photos/user_9.JPG','Victor Hugo Lia Rudon','Amigo','70723827','Chofer taxi particular','Av. Republica y Calle Honduras','Paola Ivanna Carrasco Covarrubias','Mama','79758430','Ama de casa','Misma direccion del operador',1,NULL,NULL,NULL);

/*Data for the table `mensurations` */

/*Data for the table `menus` */

insert  into `menus`(`id`,`code`,`label`,`icon`,`orden`,`tamanyo`) values 
(1,'MROL','Roles','key',21,0),
(2,'MUSE','Usuarios','account',20,0),
(3,'MMEN','Menus','apps',1,0),
(4,'MFUN','Funcionalidades','key',2,0),
(5,'MOFF','Sucursal','city',5,0),
(6,'MCLI','Clientes','human-handsup',9,0),
(7,'MDIS','Dispensers','gas-station',8,0),
(8,'MTIC','Vales','ticket-confirmation',11,0),
(9,'MFUE','Combustible','fuel',6,0),
(10,'MARQ','Arqueo','cash-multiple',18,0),
(11,'MTUR','Turnos','clock',22,0),
(12,'MREP','Reportes','book-open-page-variant',19,100),
(13,'MCOM','Compra Cmble','truck',7,0),
(14,'MBAN','Bancos','bank',10,0),
(15,'MLEC','Lecturas GNV','clipboard-text',23,100);

/*Data for the table `migrations` */


/*Data for the table `offices` */

insert  into `offices`(`id`,`nombre`,`nit`,`telefono`,`ciudad`,`direccion`) values 
(1,'E.S. HIPODROMO','1000123456','78786464','Cochabamba - Bolivia','Av. Merchor Perez de Olguin Esq, C. Nueva Granada, Cochabamba'),
(2,'E.S. SIGLO XX',NULL,'78786565','COCHABAMBA - BOLIVIA','Av. Siglo XX Esq. Pedro de Toledo, Cochabamba');

/*Data for the table `padlocks` */

/*Data for the table `password_resets` */

/*Data for the table `personal_access_tokens` */

/*Data for the table `privileges` */

insert  into `privileges`(`id`,`functionality_id`,`role_id`) values 
(180,32,4),
(181,37,4),
(182,40,4),
(479,1,1),
(480,2,1),
(481,3,1),
(482,4,1),
(483,5,1),
(484,6,1),
(485,7,1),
(486,8,1),
(487,9,1),
(488,10,1),
(489,11,1),
(490,12,1),
(491,13,1),
(492,14,1),
(493,15,1),
(494,16,1),
(495,17,1),
(496,18,1),
(497,19,1),
(498,20,1),
(499,21,1),
(500,22,1),
(501,23,1),
(502,24,1),
(503,25,1),
(504,26,1),
(505,27,1),
(506,28,1),
(507,29,1),
(508,30,1),
(509,31,1),
(510,32,1),
(511,33,1),
(512,34,1),
(513,35,1),
(514,36,1),
(515,37,1),
(516,38,1),
(517,39,1),
(518,40,1),
(519,41,1),
(520,42,1),
(521,43,1),
(522,44,1),
(523,45,1),
(524,46,1),
(525,47,1),
(526,48,1),
(527,49,1),
(528,50,1),
(529,51,1),
(530,52,1),
(531,53,1),
(532,54,1),
(533,55,1),
(534,56,1),
(535,57,1),
(536,58,1),
(537,59,1),
(538,60,1),
(539,61,1),
(540,62,1),
(541,63,1),
(542,64,1),
(543,1,2),
(544,2,2),
(545,3,2),
(546,4,2),
(547,5,2),
(548,6,2),
(549,7,2),
(550,8,2),
(551,17,2),
(552,18,2),
(553,19,2),
(554,20,2),
(555,21,2),
(556,22,2),
(557,23,2),
(558,24,2),
(559,25,2),
(560,27,2),
(561,28,2),
(562,29,2),
(563,30,2),
(564,31,2),
(565,32,2),
(566,33,2),
(567,34,2),
(568,35,2),
(569,36,2),
(570,37,2),
(571,38,2),
(572,39,2),
(573,40,2),
(574,41,2),
(575,42,2),
(576,43,2),
(577,44,2),
(578,45,2),
(579,46,2),
(580,47,2),
(581,48,2),
(582,49,2),
(583,50,2),
(584,51,2),
(585,52,2),
(586,53,2),
(587,54,2),
(588,55,2),
(589,56,2),
(590,57,2),
(591,58,2),
(592,59,2),
(593,60,2),
(594,61,2),
(595,62,2),
(596,63,2),
(597,64,2),
(598,5,3),
(599,6,3),
(600,8,3),
(601,21,3),
(602,22,3),
(603,23,3),
(604,24,3),
(605,25,3),
(606,26,3),
(607,28,3),
(608,29,3),
(609,30,3),
(610,31,3),
(611,32,3),
(612,33,3),
(613,34,3),
(614,36,3),
(615,37,3),
(616,39,3),
(617,40,3),
(618,41,3),
(619,42,3),
(620,44,3),
(621,45,3),
(622,46,3),
(623,48,3),
(624,49,3),
(625,50,3),
(626,51,3),
(627,52,3),
(628,53,3),
(629,54,3),
(630,55,3),
(631,56,3),
(632,57,3),
(633,58,3),
(634,59,3),
(635,60,3),
(636,61,3),
(637,62,3),
(638,63,3),
(639,64,3);

/*Data for the table `reports` */

/*Data for the table `roles` */

insert  into `roles`(`id`,`code`,`name`) values 
(1,'ROOT','Root'),
(2,'SUP','Super Usuario'),
(3,'CON','Contador'),
(4,'OPE','Operador');

/*Data for the table `tanks` */

insert  into `tanks`(`id`,`nombre`,`total`,`actual`,`fuel_id`,`office_id`,`created_at`,`updated_at`) values 
(1,'Línea de Gas YPFB',NULL,NULL,1,1,NULL,NULL),
(3,'Tanque de Gasolina',40000.00,15000.00,2,1,NULL,NULL),
(5,'Tanque Gasolina Premium',40000.00,1550.00,3,1,NULL,NULL),
(6,'Línea YPFB',NULL,NULL,6,2,NULL,NULL),
(7,'TANQUE DIESEL',40000.00,-237874.65,4,1,NULL,NULL);

/*Data for the table `tickets` */

insert  into `tickets`(`id`,`codigo`,`serie`,`monto`,`estado`,`fecha_uso`,`detalle`,`driver_id`,`vehicle_id`,`dispenser_id`,`turn_id`,`user_id`,`office_id`,`report_id`,`created_at`,`updated_at`) values 
(1,100,'B',150.00,'Registrado','2021-12-30','Destino La paz',4,4,4,1,2,2,NULL,NULL,NULL),
(2,101,'B',120.00,'Registrado','2021-12-29','',4,4,4,1,2,2,NULL,NULL,NULL),
(3,102,'B',NULL,'Activo',NULL,NULL,NULL,NULL,NULL,NULL,2,2,NULL,NULL,NULL),
(4,103,'B',NULL,'Activo',NULL,NULL,NULL,NULL,NULL,NULL,2,2,NULL,NULL,NULL),
(5,104,'B',NULL,'Activo',NULL,NULL,NULL,NULL,NULL,NULL,2,2,NULL,NULL,NULL),
(6,105,'B',NULL,'Activo',NULL,NULL,NULL,NULL,NULL,NULL,2,2,NULL,NULL,NULL),
(7,106,'B',100.00,'Registrado','2021-12-29',NULL,4,4,5,1,2,2,NULL,NULL,NULL),
(8,107,'B',NULL,'Activo',NULL,NULL,NULL,NULL,NULL,NULL,2,2,NULL,NULL,NULL),
(9,108,'B',NULL,'Activo',NULL,NULL,NULL,NULL,NULL,NULL,2,2,NULL,NULL,NULL),
(10,109,'B',NULL,'Activo',NULL,NULL,NULL,NULL,NULL,NULL,2,2,NULL,NULL,NULL),
(11,110,'B',NULL,'Activo',NULL,NULL,NULL,NULL,NULL,NULL,2,2,NULL,NULL,NULL),
(12,111,'B',NULL,'Activo',NULL,NULL,NULL,NULL,NULL,NULL,2,2,NULL,NULL,NULL),
(13,112,'B',128.20,'Usado','2021-11-11',NULL,4,4,4,1,3,2,NULL,NULL,NULL),
(14,113,'B',NULL,'Activo',NULL,NULL,NULL,NULL,NULL,NULL,2,2,NULL,NULL,NULL),
(15,114,'B',128.50,'Registrado','2021-12-31','Destino, Sipe Sipe',4,4,6,3,2,2,NULL,NULL,NULL),
(16,115,'B',NULL,'Activo',NULL,NULL,NULL,NULL,NULL,NULL,2,2,NULL,NULL,NULL),
(67,48,'GNV 5',5.00,'Activo',NULL,NULL,NULL,NULL,NULL,NULL,2,1,NULL,NULL,NULL),
(68,49,'GNV 5',5.00,'Activo',NULL,NULL,NULL,NULL,NULL,NULL,2,1,NULL,NULL,NULL),
(69,50,'GNV 5',5.00,'Activo',NULL,NULL,NULL,NULL,NULL,NULL,2,1,NULL,NULL,NULL),
(70,51,'GNV 5',5.00,'Activo',NULL,NULL,NULL,NULL,NULL,NULL,2,1,NULL,NULL,NULL),
(71,52,'GNV 5',5.00,'Activo',NULL,NULL,NULL,NULL,NULL,NULL,2,1,NULL,NULL,NULL),
(72,53,'GNV 5',5.00,'Activo',NULL,NULL,NULL,NULL,NULL,NULL,2,1,NULL,NULL,NULL),
(73,54,'GNV 5',5.00,'Activo',NULL,NULL,NULL,NULL,NULL,NULL,2,1,NULL,NULL,NULL),
(74,55,'GNV 5',5.00,'Activo',NULL,NULL,NULL,NULL,NULL,NULL,2,1,NULL,NULL,NULL),
(75,56,'GNV 5',5.00,'Activo',NULL,NULL,NULL,NULL,NULL,NULL,2,1,NULL,NULL,NULL),
(76,57,'GNV 5',5.00,'Activo',NULL,NULL,NULL,NULL,NULL,NULL,2,1,NULL,NULL,NULL),
(77,58,'GNV 5',5.00,'Activo',NULL,NULL,NULL,NULL,NULL,NULL,2,1,NULL,NULL,NULL),
(78,59,'GNV 5',5.00,'Activo',NULL,NULL,NULL,NULL,NULL,NULL,2,1,NULL,NULL,NULL),
(79,60,'GNV 5',5.00,'Activo',NULL,NULL,NULL,NULL,NULL,NULL,2,1,NULL,NULL,NULL),
(80,61,'GNV 5',5.00,'Activo',NULL,NULL,NULL,NULL,NULL,NULL,2,1,NULL,NULL,NULL),
(81,62,'GNV 5',5.00,'Activo',NULL,NULL,NULL,NULL,NULL,NULL,2,1,NULL,NULL,NULL),
(82,63,'GNV 5',5.00,'Activo',NULL,NULL,NULL,NULL,NULL,NULL,2,1,NULL,NULL,NULL),
(83,64,'GNV 5',5.00,'Activo',NULL,NULL,NULL,NULL,NULL,NULL,2,1,NULL,NULL,NULL),
(84,65,'GNV 5',5.00,'Activo',NULL,NULL,NULL,NULL,NULL,NULL,2,1,NULL,NULL,NULL),
(85,66,'GNV 5',5.00,'Activo',NULL,NULL,NULL,NULL,NULL,NULL,2,1,NULL,NULL,NULL),
(86,67,'GNV 5',5.00,'Activo',NULL,NULL,NULL,NULL,NULL,NULL,2,1,NULL,NULL,NULL),
(87,68,'GNV 5',5.00,'Activo',NULL,NULL,NULL,NULL,NULL,NULL,2,1,NULL,NULL,NULL),
(88,69,'GNV 5',5.00,'Activo',NULL,NULL,NULL,NULL,NULL,NULL,2,1,NULL,NULL,NULL),
(89,70,'GNV 5',5.00,'Activo',NULL,NULL,NULL,NULL,NULL,NULL,2,1,NULL,NULL,NULL),
(90,71,'GNV 5',5.00,'Activo',NULL,NULL,NULL,NULL,NULL,NULL,2,1,NULL,NULL,NULL),
(91,72,'GNV 5',5.00,'Activo',NULL,NULL,NULL,NULL,NULL,NULL,2,1,NULL,NULL,NULL),
(92,73,'GNV 5',5.00,'Activo',NULL,NULL,NULL,NULL,NULL,NULL,2,1,NULL,NULL,NULL),
(93,74,'GNV 5',5.00,'Activo',NULL,NULL,NULL,NULL,NULL,NULL,2,1,NULL,NULL,NULL),
(94,75,'GNV 5',5.00,'Activo',NULL,NULL,NULL,NULL,NULL,NULL,2,1,NULL,NULL,NULL),
(95,76,'GNV 5',5.00,'Activo',NULL,NULL,NULL,NULL,NULL,NULL,2,1,NULL,NULL,NULL),
(96,77,'GNV 5',5.00,'Activo',NULL,NULL,NULL,NULL,NULL,NULL,2,1,NULL,NULL,NULL),
(97,78,'GNV 5',5.00,'Activo',NULL,NULL,NULL,NULL,NULL,NULL,2,1,NULL,NULL,NULL),
(98,79,'GNV 5',5.00,'Activo',NULL,NULL,NULL,NULL,NULL,NULL,2,1,NULL,NULL,NULL),
(99,80,'GNV 5',5.00,'Activo',NULL,NULL,NULL,NULL,NULL,NULL,2,1,NULL,NULL,NULL),
(100,81,'GNV 5',5.00,'Activo',NULL,NULL,NULL,NULL,NULL,NULL,2,1,NULL,NULL,NULL),
(101,82,'GNV 5',5.00,'Activo',NULL,NULL,NULL,NULL,NULL,NULL,2,1,NULL,NULL,NULL),
(102,83,'GNV 5',5.00,'Activo',NULL,NULL,NULL,NULL,NULL,NULL,2,1,NULL,NULL,NULL),
(103,84,'GNV 5',5.00,'Activo',NULL,NULL,NULL,NULL,NULL,NULL,2,1,NULL,NULL,NULL),
(104,85,'GNV 5',5.00,'Activo',NULL,NULL,NULL,NULL,NULL,NULL,2,1,NULL,NULL,NULL),
(105,86,'GNV 5',5.00,'Activo',NULL,NULL,NULL,NULL,NULL,NULL,2,1,NULL,NULL,NULL),
(106,87,'GNV 5',5.00,'Activo',NULL,NULL,NULL,NULL,NULL,NULL,2,1,NULL,NULL,NULL),
(107,88,'GNV 5',5.00,'Activo',NULL,NULL,NULL,NULL,NULL,NULL,2,1,NULL,NULL,NULL),
(108,89,'GNV 5',5.00,'Activo',NULL,NULL,NULL,NULL,NULL,NULL,2,1,NULL,NULL,NULL),
(109,90,'GNV 5',5.00,'Activo',NULL,NULL,NULL,NULL,NULL,NULL,2,1,NULL,NULL,NULL),
(110,91,'GNV 5',5.00,'Activo',NULL,NULL,NULL,NULL,NULL,NULL,2,1,NULL,NULL,NULL),
(111,92,'GNV 5',5.00,'Activo',NULL,NULL,NULL,NULL,NULL,NULL,2,1,NULL,NULL,NULL),
(112,93,'GNV 5',5.00,'Activo',NULL,NULL,NULL,NULL,NULL,NULL,2,1,NULL,NULL,NULL),
(113,94,'GNV 5',5.00,'Activo',NULL,NULL,NULL,NULL,NULL,NULL,2,1,NULL,NULL,NULL),
(114,95,'GNV 5',5.00,'Activo',NULL,NULL,NULL,NULL,NULL,NULL,2,1,NULL,NULL,NULL),
(115,96,'GNV 5',5.00,'Activo',NULL,NULL,NULL,NULL,NULL,NULL,2,1,NULL,NULL,NULL),
(116,97,'GNV 5',5.00,'Activo',NULL,NULL,NULL,NULL,NULL,NULL,2,1,NULL,NULL,NULL),
(117,98,'GNV 5',5.00,'Activo',NULL,NULL,NULL,NULL,NULL,NULL,2,1,NULL,NULL,NULL),
(118,99,'GNV 5',5.00,'Activo',NULL,NULL,NULL,NULL,NULL,NULL,2,1,NULL,NULL,NULL),
(119,100,'GNV 5',5.00,'Activo',NULL,NULL,NULL,NULL,NULL,NULL,2,1,NULL,NULL,NULL),
(120,101,'GNV 5',5.00,'Activo',NULL,NULL,NULL,NULL,NULL,NULL,2,1,NULL,NULL,NULL),
(121,102,'GNV 5',5.00,'Activo',NULL,NULL,NULL,NULL,NULL,NULL,2,1,NULL,NULL,NULL),
(122,103,'GNV 5',5.00,'Activo',NULL,NULL,NULL,NULL,NULL,NULL,2,1,NULL,NULL,NULL),
(123,104,'GNV 5',5.00,'Activo',NULL,NULL,NULL,NULL,NULL,NULL,2,1,NULL,NULL,NULL),
(124,105,'GNV 5',5.00,'Activo',NULL,NULL,NULL,NULL,NULL,NULL,2,1,NULL,NULL,NULL),
(125,106,'GNV 5',5.00,'Activo',NULL,NULL,NULL,NULL,NULL,NULL,2,1,NULL,NULL,NULL),
(126,107,'GNV 5',5.00,'Activo',NULL,NULL,NULL,NULL,NULL,NULL,2,1,NULL,NULL,NULL),
(127,108,'GNV 5',5.00,'Activo',NULL,NULL,NULL,NULL,NULL,NULL,2,1,NULL,NULL,NULL),
(128,109,'GNV 5',5.00,'Activo',NULL,NULL,NULL,NULL,NULL,NULL,2,1,NULL,NULL,NULL),
(129,110,'GNV 5',5.00,'Activo',NULL,NULL,NULL,NULL,NULL,NULL,2,1,NULL,NULL,NULL),
(130,111,'GNV 5',5.00,'Activo',NULL,NULL,NULL,NULL,NULL,NULL,2,1,NULL,NULL,NULL),
(131,112,'GNV 5',5.00,'Activo',NULL,NULL,NULL,NULL,NULL,NULL,2,1,NULL,NULL,NULL),
(132,113,'GNV 5',5.00,'Activo',NULL,NULL,NULL,NULL,NULL,NULL,2,1,NULL,NULL,NULL),
(133,114,'GNV 5',5.00,'Activo',NULL,NULL,NULL,NULL,NULL,NULL,2,1,NULL,NULL,NULL),
(134,115,'GNV 5',5.00,'Activo',NULL,NULL,NULL,NULL,NULL,NULL,2,1,NULL,NULL,NULL),
(135,116,'GNV 5',5.00,'Activo',NULL,NULL,NULL,NULL,NULL,NULL,2,1,NULL,NULL,NULL),
(136,117,'GNV 5',5.00,'Activo',NULL,NULL,NULL,NULL,NULL,NULL,2,1,NULL,NULL,NULL),
(137,118,'GNV 5',5.00,'Activo',NULL,NULL,NULL,NULL,NULL,NULL,2,1,NULL,NULL,NULL),
(138,119,'GNV 5',5.00,'Activo',NULL,NULL,NULL,NULL,NULL,NULL,2,1,NULL,NULL,NULL),
(139,120,'GNV 5',5.00,'Activo',NULL,NULL,NULL,NULL,NULL,NULL,2,1,NULL,NULL,NULL),
(140,121,'GNV 5',5.00,'Activo',NULL,NULL,NULL,NULL,NULL,NULL,2,1,NULL,NULL,NULL),
(141,122,'GNV 5',5.00,'Activo',NULL,NULL,NULL,NULL,NULL,NULL,2,1,NULL,NULL,NULL),
(142,123,'GNV 5',5.00,'Activo',NULL,NULL,NULL,NULL,NULL,NULL,2,1,NULL,NULL,NULL),
(143,124,'GNV 5',5.00,'Activo',NULL,NULL,NULL,NULL,NULL,NULL,2,1,NULL,NULL,NULL),
(144,125,'GNV 5',5.00,'Activo',NULL,NULL,NULL,NULL,NULL,NULL,2,1,NULL,NULL,NULL),
(145,126,'GNV 5',5.00,'Activo',NULL,NULL,NULL,NULL,NULL,NULL,2,1,NULL,NULL,NULL),
(146,127,'GNV 5',5.00,'Activo',NULL,NULL,NULL,NULL,NULL,NULL,2,1,NULL,NULL,NULL),
(147,128,'GNV 5',5.00,'Activo',NULL,NULL,NULL,NULL,NULL,NULL,2,1,NULL,NULL,NULL),
(148,129,'GNV 5',5.00,'Activo',NULL,NULL,NULL,NULL,NULL,NULL,2,1,NULL,NULL,NULL),
(149,130,'GNV 5',5.00,'Activo',NULL,NULL,NULL,NULL,NULL,NULL,2,1,NULL,NULL,NULL),
(150,131,'GNV 5',5.00,'Activo',NULL,NULL,NULL,NULL,NULL,NULL,2,1,NULL,NULL,NULL),
(151,132,'GNV 5',5.00,'Activo',NULL,NULL,NULL,NULL,NULL,NULL,2,1,NULL,NULL,NULL),
(152,133,'GNV 5',5.00,'Activo',NULL,NULL,NULL,NULL,NULL,NULL,2,1,NULL,NULL,NULL),
(153,134,'GNV 5',5.00,'Activo',NULL,NULL,NULL,NULL,NULL,NULL,2,1,NULL,NULL,NULL),
(154,135,'GNV 5',5.00,'Activo',NULL,NULL,NULL,NULL,NULL,NULL,2,1,NULL,NULL,NULL),
(155,136,'GNV 5',5.00,'Activo',NULL,NULL,NULL,NULL,NULL,NULL,2,1,NULL,NULL,NULL),
(156,137,'GNV 5',5.00,'Activo',NULL,NULL,NULL,NULL,NULL,NULL,2,1,NULL,NULL,NULL),
(157,138,'GNV 5',5.00,'Activo',NULL,NULL,NULL,NULL,NULL,NULL,2,1,NULL,NULL,NULL),
(158,139,'GNV 5',5.00,'Activo',NULL,NULL,NULL,NULL,NULL,NULL,2,1,NULL,NULL,NULL),
(159,140,'GNV 5',5.00,'Activo',NULL,NULL,NULL,NULL,NULL,NULL,2,1,NULL,NULL,NULL),
(160,141,'GNV 5',5.00,'Activo',NULL,NULL,NULL,NULL,NULL,NULL,2,1,NULL,NULL,NULL),
(161,142,'GNV 5',5.00,'Activo',NULL,NULL,NULL,NULL,NULL,NULL,2,1,NULL,NULL,NULL),
(162,143,'GNV 5',5.00,'Activo',NULL,NULL,NULL,NULL,NULL,NULL,2,1,NULL,NULL,NULL),
(163,144,'GNV 5',5.00,'Activo',NULL,NULL,NULL,NULL,NULL,NULL,2,1,NULL,NULL,NULL),
(164,145,'GNV 5',5.00,'Activo',NULL,NULL,NULL,NULL,NULL,NULL,2,1,NULL,NULL,NULL),
(165,146,'GNV 5',5.00,'Activo',NULL,NULL,NULL,NULL,NULL,NULL,2,1,NULL,NULL,NULL),
(166,147,'GNV 5',5.00,'Activo',NULL,NULL,NULL,NULL,NULL,NULL,2,1,NULL,NULL,NULL),
(167,148,'GNV 5',5.00,'Activo',NULL,NULL,NULL,NULL,NULL,NULL,2,1,NULL,NULL,NULL),
(168,149,'GNV 5',5.00,'Activo',NULL,NULL,NULL,NULL,NULL,NULL,2,1,NULL,NULL,NULL),
(169,150,'GNV 5',5.00,'Activo',NULL,NULL,NULL,NULL,NULL,NULL,2,1,NULL,NULL,NULL),
(170,151,'GNV 5',5.00,'Activo',NULL,NULL,NULL,NULL,NULL,NULL,2,1,NULL,NULL,NULL),
(171,152,'GNV 5',5.00,'Activo',NULL,NULL,NULL,NULL,NULL,NULL,2,1,NULL,NULL,NULL),
(172,153,'GNV 5',5.00,'Activo',NULL,NULL,NULL,NULL,NULL,NULL,2,1,NULL,NULL,NULL),
(173,154,'GNV 5',5.00,'Activo',NULL,NULL,NULL,NULL,NULL,NULL,2,1,NULL,NULL,NULL),
(174,155,'GNV 5',5.00,'Activo',NULL,NULL,NULL,NULL,NULL,NULL,2,1,NULL,NULL,NULL),
(175,156,'GNV 5',5.00,'Activo',NULL,NULL,NULL,NULL,NULL,NULL,2,1,NULL,NULL,NULL),
(176,157,'GNV 5',5.00,'Activo',NULL,NULL,NULL,NULL,NULL,NULL,2,1,NULL,NULL,NULL),
(177,158,'GNV 5',5.00,'Activo',NULL,NULL,NULL,NULL,NULL,NULL,2,1,NULL,NULL,NULL),
(178,159,'GNV 5',5.00,'Activo',NULL,NULL,NULL,NULL,NULL,NULL,2,1,NULL,NULL,NULL),
(179,160,'GNV 5',5.00,'Activo',NULL,NULL,NULL,NULL,NULL,NULL,2,1,NULL,NULL,NULL),
(180,161,'GNV 5',5.00,'Activo',NULL,NULL,NULL,NULL,NULL,NULL,2,1,NULL,NULL,NULL),
(181,162,'GNV 5',5.00,'Activo',NULL,NULL,NULL,NULL,NULL,NULL,2,1,NULL,NULL,NULL),
(182,163,'GNV 5',5.00,'Activo',NULL,NULL,NULL,NULL,NULL,NULL,2,1,NULL,NULL,NULL),
(183,164,'GNV 5',5.00,'Activo',NULL,NULL,NULL,NULL,NULL,NULL,2,1,NULL,NULL,NULL),
(184,165,'GNV 5',5.00,'Activo',NULL,NULL,NULL,NULL,NULL,NULL,2,1,NULL,NULL,NULL),
(185,166,'GNV 5',5.00,'Activo',NULL,NULL,NULL,NULL,NULL,NULL,2,1,NULL,NULL,NULL),
(186,167,'GNV 5',5.00,'Activo',NULL,NULL,NULL,NULL,NULL,NULL,2,1,NULL,NULL,NULL),
(187,168,'GNV 5',5.00,'Activo',NULL,NULL,NULL,NULL,NULL,NULL,2,1,NULL,NULL,NULL),
(188,169,'GNV 5',5.00,'Activo',NULL,NULL,NULL,NULL,NULL,NULL,2,1,NULL,NULL,NULL),
(189,170,'GNV 5',5.00,'Activo',NULL,NULL,NULL,NULL,NULL,NULL,2,1,NULL,NULL,NULL),
(190,171,'GNV 5',5.00,'Activo',NULL,NULL,NULL,NULL,NULL,NULL,2,1,NULL,NULL,NULL),
(191,172,'GNV 5',5.00,'Activo',NULL,NULL,NULL,NULL,NULL,NULL,2,1,NULL,NULL,NULL),
(192,173,'GNV 5',5.00,'Activo',NULL,NULL,NULL,NULL,NULL,NULL,2,1,NULL,NULL,NULL),
(193,174,'GNV 5',5.00,'Activo',NULL,NULL,NULL,NULL,NULL,NULL,2,1,NULL,NULL,NULL),
(194,175,'GNV 5',5.00,'Activo',NULL,NULL,NULL,NULL,NULL,NULL,2,1,NULL,NULL,NULL),
(195,176,'GNV 5',5.00,'Activo',NULL,NULL,NULL,NULL,NULL,NULL,2,1,NULL,NULL,NULL),
(196,177,'GNV 5',5.00,'Activo',NULL,NULL,NULL,NULL,NULL,NULL,2,1,NULL,NULL,NULL),
(197,178,'GNV 5',5.00,'Activo',NULL,NULL,NULL,NULL,NULL,NULL,2,1,NULL,NULL,NULL),
(198,179,'GNV 5',5.00,'Activo',NULL,NULL,NULL,NULL,NULL,NULL,2,1,NULL,NULL,NULL),
(199,180,'GNV 5',5.00,'Activo',NULL,NULL,NULL,NULL,NULL,NULL,2,1,NULL,NULL,NULL),
(200,181,'GNV 5',5.00,'Activo',NULL,NULL,NULL,NULL,NULL,NULL,2,1,NULL,NULL,NULL),
(201,182,'GNV 5',5.00,'Activo',NULL,NULL,NULL,NULL,NULL,NULL,2,1,NULL,NULL,NULL),
(202,183,'GNV 5',5.00,'Activo',NULL,NULL,NULL,NULL,NULL,NULL,2,1,NULL,NULL,NULL),
(203,184,'GNV 5',5.00,'Activo',NULL,NULL,NULL,NULL,NULL,NULL,2,1,NULL,NULL,NULL),
(204,185,'GNV 5',5.00,'Activo',NULL,NULL,NULL,NULL,NULL,NULL,2,1,NULL,NULL,NULL),
(205,186,'GNV 5',5.00,'Activo',NULL,NULL,NULL,NULL,NULL,NULL,2,1,NULL,NULL,NULL),
(206,187,'GNV 5',5.00,'Activo',NULL,NULL,NULL,NULL,NULL,NULL,2,1,NULL,NULL,NULL),
(207,188,'GNV 5',5.00,'Activo',NULL,NULL,NULL,NULL,NULL,NULL,2,1,NULL,NULL,NULL),
(208,189,'GNV 5',5.00,'Activo',NULL,NULL,NULL,NULL,NULL,NULL,2,1,NULL,NULL,NULL),
(209,190,'GNV 5',5.00,'Activo',NULL,NULL,NULL,NULL,NULL,NULL,2,1,NULL,NULL,NULL),
(210,191,'GNV 5',5.00,'Activo',NULL,NULL,NULL,NULL,NULL,NULL,2,1,NULL,NULL,NULL),
(211,192,'GNV 5',5.00,'Activo',NULL,NULL,NULL,NULL,NULL,NULL,2,1,NULL,NULL,NULL),
(212,193,'GNV 5',5.00,'Activo',NULL,NULL,NULL,NULL,NULL,NULL,2,1,NULL,NULL,NULL),
(213,194,'GNV 5',5.00,'Activo',NULL,NULL,NULL,NULL,NULL,NULL,2,1,NULL,NULL,NULL),
(214,195,'GNV 5',5.00,'Activo',NULL,NULL,NULL,NULL,NULL,NULL,2,1,NULL,NULL,NULL),
(215,196,'GNV 5',5.00,'Activo',NULL,NULL,NULL,NULL,NULL,NULL,2,1,NULL,NULL,NULL),
(216,197,'GNV 5',5.00,'Activo',NULL,NULL,NULL,NULL,NULL,NULL,2,1,NULL,NULL,NULL),
(217,198,'GNV 5',5.00,'Activo',NULL,NULL,NULL,NULL,NULL,NULL,2,1,NULL,NULL,NULL),
(218,199,'GNV 5',5.00,'Activo',NULL,NULL,NULL,NULL,NULL,NULL,2,1,NULL,NULL,NULL),
(219,200,'GNV 5',5.00,'Activo',NULL,NULL,NULL,NULL,NULL,NULL,2,1,NULL,NULL,NULL),
(220,201,'GNV 5',5.00,'Activo',NULL,NULL,NULL,NULL,NULL,NULL,2,1,NULL,NULL,NULL),
(221,202,'GNV 5',5.00,'Activo',NULL,NULL,NULL,NULL,NULL,NULL,2,1,NULL,NULL,NULL),
(222,203,'GNV 5',5.00,'Activo',NULL,NULL,NULL,NULL,NULL,NULL,2,1,NULL,NULL,NULL),
(223,204,'GNV 5',5.00,'Activo',NULL,NULL,NULL,NULL,NULL,NULL,2,1,NULL,NULL,NULL),
(224,205,'GNV 5',5.00,'Activo',NULL,NULL,NULL,NULL,NULL,NULL,2,1,NULL,NULL,NULL),
(225,206,'GNV 5',5.00,'Activo',NULL,NULL,NULL,NULL,NULL,NULL,2,1,NULL,NULL,NULL),
(226,207,'GNV 5',5.00,'Activo',NULL,NULL,NULL,NULL,NULL,NULL,2,1,NULL,NULL,NULL),
(227,208,'GNV 5',5.00,'Activo',NULL,NULL,NULL,NULL,NULL,NULL,2,1,NULL,NULL,NULL),
(228,209,'GNV 5',5.00,'Activo',NULL,NULL,NULL,NULL,NULL,NULL,2,1,NULL,NULL,NULL),
(229,210,'GNV 5',5.00,'Activo',NULL,NULL,NULL,NULL,NULL,NULL,2,1,NULL,NULL,NULL),
(230,211,'GNV 5',5.00,'Activo',NULL,NULL,NULL,NULL,NULL,NULL,2,1,NULL,NULL,NULL),
(231,212,'GNV 5',5.00,'Activo',NULL,NULL,NULL,NULL,NULL,NULL,2,1,NULL,NULL,NULL),
(232,213,'GNV 5',5.00,'Activo',NULL,NULL,NULL,NULL,NULL,NULL,2,1,NULL,NULL,NULL),
(233,214,'GNV 5',5.00,'Activo',NULL,NULL,NULL,NULL,NULL,NULL,2,1,NULL,NULL,NULL),
(234,215,'GNV 5',5.00,'Activo',NULL,NULL,NULL,NULL,NULL,NULL,2,1,NULL,NULL,NULL),
(235,216,'GNV 5',5.00,'Activo',NULL,NULL,NULL,NULL,NULL,NULL,2,1,NULL,NULL,NULL),
(236,217,'GNV 5',5.00,'Activo',NULL,NULL,NULL,NULL,NULL,NULL,2,1,NULL,NULL,NULL),
(237,218,'GNV 5',5.00,'Activo',NULL,NULL,NULL,NULL,NULL,NULL,2,1,NULL,NULL,NULL),
(238,219,'GNV 5',5.00,'Activo',NULL,NULL,NULL,NULL,NULL,NULL,2,1,NULL,NULL,NULL),
(239,220,'GNV 5',5.00,'Activo',NULL,NULL,NULL,NULL,NULL,NULL,2,1,NULL,NULL,NULL),
(240,221,'GNV 5',5.00,'Activo',NULL,NULL,NULL,NULL,NULL,NULL,2,1,NULL,NULL,NULL),
(241,222,'GNV 5',5.00,'Activo',NULL,NULL,NULL,NULL,NULL,NULL,2,1,NULL,NULL,NULL),
(242,223,'GNV 5',5.00,'Activo',NULL,NULL,NULL,NULL,NULL,NULL,2,1,NULL,NULL,NULL),
(243,224,'GNV 5',5.00,'Activo',NULL,NULL,NULL,NULL,NULL,NULL,2,1,NULL,NULL,NULL),
(244,225,'GNV 5',5.00,'Activo',NULL,NULL,NULL,NULL,NULL,NULL,2,1,NULL,NULL,NULL),
(245,226,'GNV 5',5.00,'Activo',NULL,NULL,NULL,NULL,NULL,NULL,2,1,NULL,NULL,NULL),
(246,227,'GNV 5',5.00,'Activo',NULL,NULL,NULL,NULL,NULL,NULL,2,1,NULL,NULL,NULL),
(247,228,'GNV 5',5.00,'Activo',NULL,NULL,NULL,NULL,NULL,NULL,2,1,NULL,NULL,NULL),
(248,229,'GNV 5',5.00,'Activo',NULL,NULL,NULL,NULL,NULL,NULL,2,1,NULL,NULL,NULL),
(249,230,'GNV 5',5.00,'Activo',NULL,NULL,NULL,NULL,NULL,NULL,2,1,NULL,NULL,NULL),
(250,231,'GNV 5',5.00,'Activo',NULL,NULL,NULL,NULL,NULL,NULL,2,1,NULL,NULL,NULL),
(251,232,'GNV 5',5.00,'Activo',NULL,NULL,NULL,NULL,NULL,NULL,2,1,NULL,NULL,NULL),
(252,233,'GNV 5',5.00,'Activo',NULL,NULL,NULL,NULL,NULL,NULL,2,1,NULL,NULL,NULL),
(253,234,'GNV 5',5.00,'Activo',NULL,NULL,NULL,NULL,NULL,NULL,2,1,NULL,NULL,NULL),
(254,235,'GNV 5',5.00,'Activo',NULL,NULL,NULL,NULL,NULL,NULL,2,1,NULL,NULL,NULL),
(255,236,'GNV 5',5.00,'Activo',NULL,NULL,NULL,NULL,NULL,NULL,2,1,NULL,NULL,NULL),
(256,237,'GNV 5',5.00,'Activo',NULL,NULL,NULL,NULL,NULL,NULL,2,1,NULL,NULL,NULL),
(257,238,'GNV 5',5.00,'Activo',NULL,NULL,NULL,NULL,NULL,NULL,2,1,NULL,NULL,NULL),
(258,239,'GNV 5',5.00,'Activo',NULL,NULL,NULL,NULL,NULL,NULL,2,1,NULL,NULL,NULL),
(259,240,'GNV 5',5.00,'Activo',NULL,NULL,NULL,NULL,NULL,NULL,2,1,NULL,NULL,NULL),
(260,241,'GNV 5',5.00,'Activo',NULL,NULL,NULL,NULL,NULL,NULL,2,1,NULL,NULL,NULL),
(261,242,'GNV 5',5.00,'Activo',NULL,NULL,NULL,NULL,NULL,NULL,2,1,NULL,NULL,NULL),
(262,243,'GNV 5',5.00,'Activo',NULL,NULL,NULL,NULL,NULL,NULL,2,1,NULL,NULL,NULL),
(263,244,'GNV 5',5.00,'Activo',NULL,NULL,NULL,NULL,NULL,NULL,2,1,NULL,NULL,NULL),
(264,245,'GNV 5',5.00,'Activo',NULL,NULL,NULL,NULL,NULL,NULL,2,1,NULL,NULL,NULL),
(265,246,'GNV 5',5.00,'Activo',NULL,NULL,NULL,NULL,NULL,NULL,2,1,NULL,NULL,NULL),
(266,247,'GNV 5',5.00,'Activo',NULL,NULL,NULL,NULL,NULL,NULL,2,1,NULL,NULL,NULL),
(267,248,'GNV 5',5.00,'Activo',NULL,NULL,NULL,NULL,NULL,NULL,2,1,NULL,NULL,NULL),
(268,249,'GNV 5',5.00,'Activo',NULL,NULL,NULL,NULL,NULL,NULL,2,1,NULL,NULL,NULL),
(269,250,'GNV 5',5.00,'Activo',NULL,NULL,NULL,NULL,NULL,NULL,2,1,NULL,NULL,NULL),
(270,251,'GNV 5',5.00,'Activo',NULL,NULL,NULL,NULL,NULL,NULL,2,1,NULL,NULL,NULL),
(271,252,'GNV 5',5.00,'Activo',NULL,NULL,NULL,NULL,NULL,NULL,2,1,NULL,NULL,NULL),
(272,253,'GNV 5',5.00,'Activo',NULL,NULL,NULL,NULL,NULL,NULL,2,1,NULL,NULL,NULL),
(273,254,'GNV 5',5.00,'Activo',NULL,NULL,NULL,NULL,NULL,NULL,2,1,NULL,NULL,NULL),
(274,255,'GNV 5',5.00,'Activo',NULL,NULL,NULL,NULL,NULL,NULL,2,1,NULL,NULL,NULL),
(275,256,'GNV 5',5.00,'Activo',NULL,NULL,NULL,NULL,NULL,NULL,2,1,NULL,NULL,NULL),
(276,257,'GNV 5',5.00,'Activo',NULL,NULL,NULL,NULL,NULL,NULL,2,1,NULL,NULL,NULL),
(277,258,'GNV 5',5.00,'Activo',NULL,NULL,NULL,NULL,NULL,NULL,2,1,NULL,NULL,NULL),
(278,259,'GNV 5',5.00,'Activo',NULL,NULL,NULL,NULL,NULL,NULL,2,1,NULL,NULL,NULL),
(279,260,'GNV 5',5.00,'Activo',NULL,NULL,NULL,NULL,NULL,NULL,2,1,NULL,NULL,NULL),
(280,261,'GNV 5',5.00,'Activo',NULL,NULL,NULL,NULL,NULL,NULL,2,1,NULL,NULL,NULL),
(281,262,'GNV 5',5.00,'Activo',NULL,NULL,NULL,NULL,NULL,NULL,2,1,NULL,NULL,NULL),
(282,263,'GNV 5',5.00,'Activo',NULL,NULL,NULL,NULL,NULL,NULL,2,1,NULL,NULL,NULL),
(283,264,'GNV 5',5.00,'Activo',NULL,NULL,NULL,NULL,NULL,NULL,2,1,NULL,NULL,NULL),
(284,265,'GNV 5',5.00,'Activo',NULL,NULL,NULL,NULL,NULL,NULL,2,1,NULL,NULL,NULL),
(285,266,'GNV 5',5.00,'Activo',NULL,NULL,NULL,NULL,NULL,NULL,2,1,NULL,NULL,NULL),
(286,267,'GNV 5',5.00,'Activo',NULL,NULL,NULL,NULL,NULL,NULL,2,1,NULL,NULL,NULL),
(287,268,'GNV 5',5.00,'Activo',NULL,NULL,NULL,NULL,NULL,NULL,2,1,NULL,NULL,NULL),
(288,269,'GNV 5',5.00,'Activo',NULL,NULL,NULL,NULL,NULL,NULL,2,1,NULL,NULL,NULL),
(289,270,'GNV 5',5.00,'Activo',NULL,NULL,NULL,NULL,NULL,NULL,2,1,NULL,NULL,NULL),
(290,271,'GNV 5',5.00,'Activo',NULL,NULL,NULL,NULL,NULL,NULL,2,1,NULL,NULL,NULL),
(291,272,'GNV 5',5.00,'Activo',NULL,NULL,NULL,NULL,NULL,NULL,2,1,NULL,NULL,NULL),
(292,273,'GNV 5',5.00,'Activo',NULL,NULL,NULL,NULL,NULL,NULL,2,1,NULL,NULL,NULL),
(293,274,'GNV 5',5.00,'Activo',NULL,NULL,NULL,NULL,NULL,NULL,2,1,NULL,NULL,NULL),
(294,275,'GNV 5',5.00,'Activo',NULL,NULL,NULL,NULL,NULL,NULL,2,1,NULL,NULL,NULL),
(295,276,'GNV 5',5.00,'Activo',NULL,NULL,NULL,NULL,NULL,NULL,2,1,NULL,NULL,NULL),
(296,277,'GNV 5',5.00,'Activo',NULL,NULL,NULL,NULL,NULL,NULL,2,1,NULL,NULL,NULL),
(297,278,'GNV 5',5.00,'Activo',NULL,NULL,NULL,NULL,NULL,NULL,2,1,NULL,NULL,NULL),
(298,279,'GNV 5',5.00,'Activo',NULL,NULL,NULL,NULL,NULL,NULL,2,1,NULL,NULL,NULL),
(299,280,'GNV 5',5.00,'Activo',NULL,NULL,NULL,NULL,NULL,NULL,2,1,NULL,NULL,NULL),
(300,281,'GNV 5',5.00,'Activo',NULL,NULL,NULL,NULL,NULL,NULL,2,1,NULL,NULL,NULL),
(301,282,'GNV 5',5.00,'Activo',NULL,NULL,NULL,NULL,NULL,NULL,2,1,NULL,NULL,NULL),
(302,283,'GNV 5',5.00,'Activo',NULL,NULL,NULL,NULL,NULL,NULL,2,1,NULL,NULL,NULL),
(303,284,'GNV 5',5.00,'Activo',NULL,NULL,NULL,NULL,NULL,NULL,2,1,NULL,NULL,NULL),
(304,285,'GNV 5',5.00,'Activo',NULL,NULL,NULL,NULL,NULL,NULL,2,1,NULL,NULL,NULL),
(305,286,'GNV 5',5.00,'Activo',NULL,NULL,NULL,NULL,NULL,NULL,2,1,NULL,NULL,NULL),
(306,287,'GNV 5',5.00,'Activo',NULL,NULL,NULL,NULL,NULL,NULL,2,1,NULL,NULL,NULL),
(307,288,'GNV 5',5.00,'Activo',NULL,NULL,NULL,NULL,NULL,NULL,2,1,NULL,NULL,NULL),
(308,289,'GNV 5',5.00,'Activo',NULL,NULL,NULL,NULL,NULL,NULL,2,1,NULL,NULL,NULL),
(309,290,'GNV 5',5.00,'Activo',NULL,NULL,NULL,NULL,NULL,NULL,2,1,NULL,NULL,NULL),
(310,291,'GNV 5',5.00,'Activo',NULL,NULL,NULL,NULL,NULL,NULL,2,1,NULL,NULL,NULL),
(311,292,'GNV 5',5.00,'Activo',NULL,NULL,NULL,NULL,NULL,NULL,2,1,NULL,NULL,NULL),
(312,293,'GNV 5',5.00,'Activo',NULL,NULL,NULL,NULL,NULL,NULL,2,1,NULL,NULL,NULL),
(313,294,'GNV 5',5.00,'Activo',NULL,NULL,NULL,NULL,NULL,NULL,2,1,NULL,NULL,NULL),
(314,295,'GNV 5',5.00,'Activo',NULL,NULL,NULL,NULL,NULL,NULL,2,1,NULL,NULL,NULL),
(315,296,'GNV 5',5.00,'Activo',NULL,NULL,NULL,NULL,NULL,NULL,2,1,NULL,NULL,NULL),
(316,297,'GNV 5',5.00,'Activo',NULL,NULL,NULL,NULL,NULL,NULL,2,1,NULL,NULL,NULL),
(317,298,'GNV 5',5.00,'Activo',NULL,NULL,NULL,NULL,NULL,NULL,2,1,NULL,NULL,NULL),
(318,299,'GNV 5',5.00,'Activo',NULL,NULL,NULL,NULL,NULL,NULL,2,1,NULL,NULL,NULL),
(319,300,'GNV 5',5.00,'Activo',NULL,NULL,NULL,NULL,NULL,NULL,2,1,NULL,NULL,NULL),
(320,301,'GNV 5',5.00,'Activo',NULL,NULL,NULL,NULL,NULL,NULL,2,1,NULL,NULL,NULL),
(321,302,'GNV 5',5.00,'Activo',NULL,NULL,NULL,NULL,NULL,NULL,2,1,NULL,NULL,NULL),
(322,303,'GNV 5',5.00,'Activo',NULL,NULL,NULL,NULL,NULL,NULL,2,1,NULL,NULL,NULL),
(323,304,'GNV 5',5.00,'Activo',NULL,NULL,NULL,NULL,NULL,NULL,2,1,NULL,NULL,NULL),
(324,305,'GNV 5',5.00,'Activo',NULL,NULL,NULL,NULL,NULL,NULL,2,1,NULL,NULL,NULL),
(325,306,'GNV 5',5.00,'Activo',NULL,NULL,NULL,NULL,NULL,NULL,2,1,NULL,NULL,NULL),
(326,307,'GNV 5',5.00,'Activo',NULL,NULL,NULL,NULL,NULL,NULL,2,1,NULL,NULL,NULL),
(327,308,'GNV 5',5.00,'Activo',NULL,NULL,NULL,NULL,NULL,NULL,2,1,NULL,NULL,NULL),
(328,309,'GNV 5',5.00,'Activo',NULL,NULL,NULL,NULL,NULL,NULL,2,1,NULL,NULL,NULL),
(329,310,'GNV 5',5.00,'Activo',NULL,NULL,NULL,NULL,NULL,NULL,2,1,NULL,NULL,NULL),
(330,311,'GNV 5',5.00,'Activo',NULL,NULL,NULL,NULL,NULL,NULL,2,1,NULL,NULL,NULL),
(331,312,'GNV 5',5.00,'Activo',NULL,NULL,NULL,NULL,NULL,NULL,2,1,NULL,NULL,NULL),
(332,313,'GNV 5',5.00,'Activo',NULL,NULL,NULL,NULL,NULL,NULL,2,1,NULL,NULL,NULL),
(333,314,'GNV 5',5.00,'Activo',NULL,NULL,NULL,NULL,NULL,NULL,2,1,NULL,NULL,NULL),
(334,315,'GNV 5',5.00,'Activo',NULL,NULL,NULL,NULL,NULL,NULL,2,1,NULL,NULL,NULL),
(335,316,'GNV 5',5.00,'Activo',NULL,NULL,NULL,NULL,NULL,NULL,2,1,NULL,NULL,NULL),
(336,317,'GNV 5',5.00,'Activo',NULL,NULL,NULL,NULL,NULL,NULL,2,1,NULL,NULL,NULL),
(337,318,'GNV 5',5.00,'Activo',NULL,NULL,NULL,NULL,NULL,NULL,2,1,NULL,NULL,NULL),
(338,319,'GNV 5',5.00,'Activo',NULL,NULL,NULL,NULL,NULL,NULL,2,1,NULL,NULL,NULL),
(339,320,'GNV 5',5.00,'Activo',NULL,NULL,NULL,NULL,NULL,NULL,2,1,NULL,NULL,NULL),
(340,321,'GNV 5',5.00,'Activo',NULL,NULL,NULL,NULL,NULL,NULL,2,1,NULL,NULL,NULL),
(341,322,'GNV 5',5.00,'Activo',NULL,NULL,NULL,NULL,NULL,NULL,2,1,NULL,NULL,NULL),
(342,323,'GNV 5',5.00,'Activo',NULL,NULL,NULL,NULL,NULL,NULL,2,1,NULL,NULL,NULL),
(343,324,'GNV 5',5.00,'Activo',NULL,NULL,NULL,NULL,NULL,NULL,2,1,NULL,NULL,NULL),
(344,325,'GNV 5',5.00,'Activo',NULL,NULL,NULL,NULL,NULL,NULL,2,1,NULL,NULL,NULL),
(345,326,'GNV 5',5.00,'Activo',NULL,NULL,NULL,NULL,NULL,NULL,2,1,NULL,NULL,NULL),
(346,327,'GNV 5',5.00,'Activo',NULL,NULL,NULL,NULL,NULL,NULL,2,1,NULL,NULL,NULL),
(347,328,'GNV 5',5.00,'Activo',NULL,NULL,NULL,NULL,NULL,NULL,2,1,NULL,NULL,NULL),
(348,329,'GNV 5',5.00,'Activo',NULL,NULL,NULL,NULL,NULL,NULL,2,1,NULL,NULL,NULL),
(349,330,'GNV 5',5.00,'Activo',NULL,NULL,NULL,NULL,NULL,NULL,2,1,NULL,NULL,NULL),
(350,331,'GNV 5',5.00,'Activo',NULL,NULL,NULL,NULL,NULL,NULL,2,1,NULL,NULL,NULL),
(351,332,'GNV 5',5.00,'Activo',NULL,NULL,NULL,NULL,NULL,NULL,2,1,NULL,NULL,NULL),
(352,333,'GNV 5',5.00,'Activo',NULL,NULL,NULL,NULL,NULL,NULL,2,1,NULL,NULL,NULL),
(353,334,'GNV 5',5.00,'Activo',NULL,NULL,NULL,NULL,NULL,NULL,2,1,NULL,NULL,NULL),
(354,335,'GNV 5',5.00,'Activo',NULL,NULL,NULL,NULL,NULL,NULL,2,1,NULL,NULL,NULL),
(355,336,'GNV 5',5.00,'Activo',NULL,NULL,NULL,NULL,NULL,NULL,2,1,NULL,NULL,NULL),
(356,337,'GNV 5',5.00,'Activo',NULL,NULL,NULL,NULL,NULL,NULL,2,1,NULL,NULL,NULL),
(357,338,'GNV 5',5.00,'Activo',NULL,NULL,NULL,NULL,NULL,NULL,2,1,NULL,NULL,NULL),
(358,339,'GNV 5',5.00,'Activo',NULL,NULL,NULL,NULL,NULL,NULL,2,1,NULL,NULL,NULL),
(359,340,'GNV 5',5.00,'Activo',NULL,NULL,NULL,NULL,NULL,NULL,2,1,NULL,NULL,NULL),
(360,341,'GNV 5',5.00,'Activo',NULL,NULL,NULL,NULL,NULL,NULL,2,1,NULL,NULL,NULL),
(361,342,'GNV 5',5.00,'Activo',NULL,NULL,NULL,NULL,NULL,NULL,2,1,NULL,NULL,NULL),
(362,343,'GNV 5',5.00,'Activo',NULL,NULL,NULL,NULL,NULL,NULL,2,1,NULL,NULL,NULL),
(363,344,'GNV 5',5.00,'Activo',NULL,NULL,NULL,NULL,NULL,NULL,2,1,NULL,NULL,NULL),
(364,345,'GNV 5',5.00,'Activo',NULL,NULL,NULL,NULL,NULL,NULL,2,1,NULL,NULL,NULL),
(365,346,'GNV 5',5.00,'Activo',NULL,NULL,NULL,NULL,NULL,NULL,2,1,NULL,NULL,NULL),
(366,347,'GNV 5',5.00,'Activo',NULL,NULL,NULL,NULL,NULL,NULL,2,1,NULL,NULL,NULL),
(367,348,'GNV 5',5.00,'Activo',NULL,NULL,NULL,NULL,NULL,NULL,2,1,NULL,NULL,NULL),
(368,349,'GNV 5',5.00,'Activo',NULL,NULL,NULL,NULL,NULL,NULL,2,1,NULL,NULL,NULL),
(369,350,'GNV 5',5.00,'Activo',NULL,NULL,NULL,NULL,NULL,NULL,2,1,NULL,NULL,NULL),
(370,351,'GNV 5',5.00,'Activo',NULL,NULL,NULL,NULL,NULL,NULL,2,1,NULL,NULL,NULL),
(371,352,'GNV 5',5.00,'Activo',NULL,NULL,NULL,NULL,NULL,NULL,2,1,NULL,NULL,NULL),
(372,353,'GNV 5',5.00,'Activo',NULL,NULL,NULL,NULL,NULL,NULL,2,1,NULL,NULL,NULL),
(373,354,'GNV 5',5.00,'Activo',NULL,NULL,NULL,NULL,NULL,NULL,2,1,NULL,NULL,NULL),
(374,355,'GNV 5',5.00,'Activo',NULL,NULL,NULL,NULL,NULL,NULL,2,1,NULL,NULL,NULL),
(375,356,'GNV 5',5.00,'Activo',NULL,NULL,NULL,NULL,NULL,NULL,2,1,NULL,NULL,NULL),
(376,357,'GNV 5',5.00,'Activo',NULL,NULL,NULL,NULL,NULL,NULL,2,1,NULL,NULL,NULL),
(377,358,'GNV 5',5.00,'Activo',NULL,NULL,NULL,NULL,NULL,NULL,2,1,NULL,NULL,NULL),
(378,359,'GNV 5',5.00,'Activo',NULL,NULL,NULL,NULL,NULL,NULL,2,1,NULL,NULL,NULL),
(379,360,'GNV 5',5.00,'Activo',NULL,NULL,NULL,NULL,NULL,NULL,2,1,NULL,NULL,NULL),
(380,361,'GNV 5',5.00,'Activo',NULL,NULL,NULL,NULL,NULL,NULL,2,1,NULL,NULL,NULL),
(381,362,'GNV 5',5.00,'Activo',NULL,NULL,NULL,NULL,NULL,NULL,2,1,NULL,NULL,NULL),
(382,363,'GNV 5',5.00,'Activo',NULL,NULL,NULL,NULL,NULL,NULL,2,1,NULL,NULL,NULL),
(383,364,'GNV 5',5.00,'Activo',NULL,NULL,NULL,NULL,NULL,NULL,2,1,NULL,NULL,NULL),
(384,365,'GNV 5',5.00,'Activo',NULL,NULL,NULL,NULL,NULL,NULL,2,1,NULL,NULL,NULL),
(385,366,'GNV 5',5.00,'Activo',NULL,NULL,NULL,NULL,NULL,NULL,2,1,NULL,NULL,NULL),
(386,367,'GNV 5',5.00,'Activo',NULL,NULL,NULL,NULL,NULL,NULL,2,1,NULL,NULL,NULL),
(387,368,'GNV 5',5.00,'Activo',NULL,NULL,NULL,NULL,NULL,NULL,2,1,NULL,NULL,NULL),
(388,369,'GNV 5',5.00,'Activo',NULL,NULL,NULL,NULL,NULL,NULL,2,1,NULL,NULL,NULL),
(389,370,'GNV 5',5.00,'Activo',NULL,NULL,NULL,NULL,NULL,NULL,2,1,NULL,NULL,NULL),
(390,371,'GNV 5',5.00,'Activo',NULL,NULL,NULL,NULL,NULL,NULL,2,1,NULL,NULL,NULL),
(391,372,'GNV 5',5.00,'Activo',NULL,NULL,NULL,NULL,NULL,NULL,2,1,NULL,NULL,NULL),
(392,373,'GNV 5',5.00,'Activo',NULL,NULL,NULL,NULL,NULL,NULL,2,1,NULL,NULL,NULL),
(393,374,'GNV 5',5.00,'Activo',NULL,NULL,NULL,NULL,NULL,NULL,2,1,NULL,NULL,NULL),
(394,375,'GNV 5',5.00,'Activo',NULL,NULL,NULL,NULL,NULL,NULL,2,1,NULL,NULL,NULL),
(395,376,'GNV 5',5.00,'Activo',NULL,NULL,NULL,NULL,NULL,NULL,2,1,NULL,NULL,NULL),
(396,377,'GNV 5',5.00,'Activo',NULL,NULL,NULL,NULL,NULL,NULL,2,1,NULL,NULL,NULL),
(397,378,'GNV 5',5.00,'Activo',NULL,NULL,NULL,NULL,NULL,NULL,2,1,NULL,NULL,NULL),
(398,379,'GNV 5',5.00,'Activo',NULL,NULL,NULL,NULL,NULL,NULL,2,1,NULL,NULL,NULL),
(399,380,'GNV 5',5.00,'Activo',NULL,NULL,NULL,NULL,NULL,NULL,2,1,NULL,NULL,NULL),
(400,381,'GNV 5',5.00,'Activo',NULL,NULL,NULL,NULL,NULL,NULL,2,1,NULL,NULL,NULL),
(401,382,'GNV 5',5.00,'Activo',NULL,NULL,NULL,NULL,NULL,NULL,2,1,NULL,NULL,NULL),
(402,383,'GNV 5',5.00,'Activo',NULL,NULL,NULL,NULL,NULL,NULL,2,1,NULL,NULL,NULL),
(403,384,'GNV 5',5.00,'Activo',NULL,NULL,NULL,NULL,NULL,NULL,2,1,NULL,NULL,NULL),
(404,385,'GNV 5',5.00,'Activo',NULL,NULL,NULL,NULL,NULL,NULL,2,1,NULL,NULL,NULL),
(405,386,'GNV 5',5.00,'Activo',NULL,NULL,NULL,NULL,NULL,NULL,2,1,NULL,NULL,NULL),
(406,387,'GNV 5',5.00,'Activo',NULL,NULL,NULL,NULL,NULL,NULL,2,1,NULL,NULL,NULL),
(407,388,'GNV 5',5.00,'Activo',NULL,NULL,NULL,NULL,NULL,NULL,2,1,NULL,NULL,NULL),
(408,389,'GNV 5',5.00,'Activo',NULL,NULL,NULL,NULL,NULL,NULL,2,1,NULL,NULL,NULL),
(409,390,'GNV 5',5.00,'Activo',NULL,NULL,NULL,NULL,NULL,NULL,2,1,NULL,NULL,NULL),
(410,391,'GNV 5',5.00,'Activo',NULL,NULL,NULL,NULL,NULL,NULL,2,1,NULL,NULL,NULL),
(411,392,'GNV 5',5.00,'Activo',NULL,NULL,NULL,NULL,NULL,NULL,2,1,NULL,NULL,NULL),
(412,393,'GNV 5',5.00,'Activo',NULL,NULL,NULL,NULL,NULL,NULL,2,1,NULL,NULL,NULL),
(413,394,'GNV 5',5.00,'Activo',NULL,NULL,NULL,NULL,NULL,NULL,2,1,NULL,NULL,NULL),
(414,395,'GNV 5',5.00,'Activo',NULL,NULL,NULL,NULL,NULL,NULL,2,1,NULL,NULL,NULL),
(415,396,'GNV 5',5.00,'Activo',NULL,NULL,NULL,NULL,NULL,NULL,2,1,NULL,NULL,NULL),
(416,397,'GNV 5',5.00,'Activo',NULL,NULL,NULL,NULL,NULL,NULL,2,1,NULL,NULL,NULL),
(417,398,'GNV 5',5.00,'Activo',NULL,NULL,NULL,NULL,NULL,NULL,2,1,NULL,NULL,NULL),
(418,399,'GNV 5',5.00,'Activo',NULL,NULL,NULL,NULL,NULL,NULL,2,1,NULL,NULL,NULL),
(419,400,'GNV 5',5.00,'Activo',NULL,NULL,NULL,NULL,NULL,NULL,2,1,NULL,NULL,NULL),
(420,401,'GNV 5',5.00,'Activo',NULL,NULL,NULL,NULL,NULL,NULL,2,1,NULL,NULL,NULL),
(421,402,'GNV 5',5.00,'Activo',NULL,NULL,NULL,NULL,NULL,NULL,2,1,NULL,NULL,NULL),
(422,403,'GNV 5',5.00,'Activo',NULL,NULL,NULL,NULL,NULL,NULL,2,1,NULL,NULL,NULL),
(423,404,'GNV 5',5.00,'Activo',NULL,NULL,NULL,NULL,NULL,NULL,2,1,NULL,NULL,NULL),
(424,405,'GNV 5',5.00,'Activo',NULL,NULL,NULL,NULL,NULL,NULL,2,1,NULL,NULL,NULL),
(425,406,'GNV 5',5.00,'Activo',NULL,NULL,NULL,NULL,NULL,NULL,2,1,NULL,NULL,NULL),
(426,407,'GNV 5',5.00,'Activo',NULL,NULL,NULL,NULL,NULL,NULL,2,1,NULL,NULL,NULL),
(427,408,'GNV 5',5.00,'Activo',NULL,NULL,NULL,NULL,NULL,NULL,2,1,NULL,NULL,NULL),
(428,409,'GNV 5',5.00,'Activo',NULL,NULL,NULL,NULL,NULL,NULL,2,1,NULL,NULL,NULL),
(429,410,'GNV 5',5.00,'Activo',NULL,NULL,NULL,NULL,NULL,NULL,2,1,NULL,NULL,NULL),
(430,411,'GNV 5',5.00,'Activo',NULL,NULL,NULL,NULL,NULL,NULL,2,1,NULL,NULL,NULL),
(431,412,'GNV 5',5.00,'Activo',NULL,NULL,NULL,NULL,NULL,NULL,2,1,NULL,NULL,NULL),
(432,413,'GNV 5',5.00,'Activo',NULL,NULL,NULL,NULL,NULL,NULL,2,1,NULL,NULL,NULL),
(433,414,'GNV 5',5.00,'Activo',NULL,NULL,NULL,NULL,NULL,NULL,2,1,NULL,NULL,NULL),
(434,415,'GNV 5',5.00,'Activo',NULL,NULL,NULL,NULL,NULL,NULL,2,1,NULL,NULL,NULL),
(435,416,'GNV 5',5.00,'Activo',NULL,NULL,NULL,NULL,NULL,NULL,2,1,NULL,NULL,NULL),
(436,417,'GNV 5',5.00,'Activo',NULL,NULL,NULL,NULL,NULL,NULL,2,1,NULL,NULL,NULL),
(437,418,'GNV 5',5.00,'Activo',NULL,NULL,NULL,NULL,NULL,NULL,2,1,NULL,NULL,NULL),
(438,419,'GNV 5',5.00,'Activo',NULL,NULL,NULL,NULL,NULL,NULL,2,1,NULL,NULL,NULL),
(439,420,'GNV 5',5.00,'Activo',NULL,NULL,NULL,NULL,NULL,NULL,2,1,NULL,NULL,NULL),
(440,421,'GNV 5',5.00,'Activo',NULL,NULL,NULL,NULL,NULL,NULL,2,1,NULL,NULL,NULL),
(441,422,'GNV 5',5.00,'Activo',NULL,NULL,NULL,NULL,NULL,NULL,2,1,NULL,NULL,NULL),
(442,423,'GNV 5',5.00,'Activo',NULL,NULL,NULL,NULL,NULL,NULL,2,1,NULL,NULL,NULL),
(443,424,'GNV 5',5.00,'Activo',NULL,NULL,NULL,NULL,NULL,NULL,2,1,NULL,NULL,NULL),
(444,425,'GNV 5',5.00,'Activo',NULL,NULL,NULL,NULL,NULL,NULL,2,1,NULL,NULL,NULL),
(445,426,'GNV 5',5.00,'Activo',NULL,NULL,NULL,NULL,NULL,NULL,2,1,NULL,NULL,NULL),
(446,427,'GNV 5',5.00,'Activo',NULL,NULL,NULL,NULL,NULL,NULL,2,1,NULL,NULL,NULL),
(447,428,'GNV 5',5.00,'Activo',NULL,NULL,NULL,NULL,NULL,NULL,2,1,NULL,NULL,NULL),
(448,429,'GNV 5',5.00,'Activo',NULL,NULL,NULL,NULL,NULL,NULL,2,1,NULL,NULL,NULL),
(449,430,'GNV 5',5.00,'Activo',NULL,NULL,NULL,NULL,NULL,NULL,2,1,NULL,NULL,NULL),
(450,431,'GNV 5',5.00,'Activo',NULL,NULL,NULL,NULL,NULL,NULL,2,1,NULL,NULL,NULL),
(451,432,'GNV 5',5.00,'Activo',NULL,NULL,NULL,NULL,NULL,NULL,2,1,NULL,NULL,NULL),
(452,433,'GNV 5',5.00,'Activo',NULL,NULL,NULL,NULL,NULL,NULL,2,1,NULL,NULL,NULL),
(453,434,'GNV 5',5.00,'Activo',NULL,NULL,NULL,NULL,NULL,NULL,2,1,NULL,NULL,NULL),
(454,435,'GNV 5',5.00,'Activo',NULL,NULL,NULL,NULL,NULL,NULL,2,1,NULL,NULL,NULL),
(455,436,'GNV 5',5.00,'Activo',NULL,NULL,NULL,NULL,NULL,NULL,2,1,NULL,NULL,NULL),
(456,437,'GNV 5',5.00,'Activo',NULL,NULL,NULL,NULL,NULL,NULL,2,1,NULL,NULL,NULL),
(457,438,'GNV 5',5.00,'Activo',NULL,NULL,NULL,NULL,NULL,NULL,2,1,NULL,NULL,NULL),
(458,439,'GNV 5',5.00,'Activo',NULL,NULL,NULL,NULL,NULL,NULL,2,1,NULL,NULL,NULL),
(459,440,'GNV 5',5.00,'Activo',NULL,NULL,NULL,NULL,NULL,NULL,2,1,NULL,NULL,NULL),
(460,441,'GNV 5',5.00,'Activo',NULL,NULL,NULL,NULL,NULL,NULL,2,1,NULL,NULL,NULL),
(461,442,'GNV 5',5.00,'Activo',NULL,NULL,NULL,NULL,NULL,NULL,2,1,NULL,NULL,NULL),
(462,443,'GNV 5',5.00,'Activo',NULL,NULL,NULL,NULL,NULL,NULL,2,1,NULL,NULL,NULL),
(463,444,'GNV 5',5.00,'Activo',NULL,NULL,NULL,NULL,NULL,NULL,2,1,NULL,NULL,NULL),
(464,445,'GNV 5',5.00,'Activo',NULL,NULL,NULL,NULL,NULL,NULL,2,1,NULL,NULL,NULL),
(465,446,'GNV 5',5.00,'Activo',NULL,NULL,NULL,NULL,NULL,NULL,2,1,NULL,NULL,NULL),
(466,447,'GNV 5',5.00,'Activo',NULL,NULL,NULL,NULL,NULL,NULL,2,1,NULL,NULL,NULL),
(467,448,'GNV 5',5.00,'Activo',NULL,NULL,NULL,NULL,NULL,NULL,2,1,NULL,NULL,NULL),
(468,449,'GNV 5',5.00,'Activo',NULL,NULL,NULL,NULL,NULL,NULL,2,1,NULL,NULL,NULL),
(469,450,'GNV 5',5.00,'Activo',NULL,NULL,NULL,NULL,NULL,NULL,2,1,NULL,NULL,NULL),
(470,451,'GNV 5',5.00,'Activo',NULL,NULL,NULL,NULL,NULL,NULL,2,1,NULL,NULL,NULL),
(471,452,'GNV 5',5.00,'Activo',NULL,NULL,NULL,NULL,NULL,NULL,2,1,NULL,NULL,NULL),
(472,453,'GNV 5',5.00,'Activo',NULL,NULL,NULL,NULL,NULL,NULL,2,1,NULL,NULL,NULL),
(473,454,'GNV 5',5.00,'Activo',NULL,NULL,NULL,NULL,NULL,NULL,2,1,NULL,NULL,NULL),
(474,455,'GNV 5',5.00,'Activo',NULL,NULL,NULL,NULL,NULL,NULL,2,1,NULL,NULL,NULL),
(475,456,'GNV 5',5.00,'Activo',NULL,NULL,NULL,NULL,NULL,NULL,2,1,NULL,NULL,NULL),
(476,457,'GNV 5',5.00,'Activo',NULL,NULL,NULL,NULL,NULL,NULL,2,1,NULL,NULL,NULL),
(477,458,'GNV 5',5.00,'Activo',NULL,NULL,NULL,NULL,NULL,NULL,2,1,NULL,NULL,NULL),
(478,459,'GNV 5',5.00,'Activo',NULL,NULL,NULL,NULL,NULL,NULL,2,1,NULL,NULL,NULL),
(479,460,'GNV 5',5.00,'Activo',NULL,NULL,NULL,NULL,NULL,NULL,2,1,NULL,NULL,NULL),
(480,461,'GNV 5',5.00,'Activo',NULL,NULL,NULL,NULL,NULL,NULL,2,1,NULL,NULL,NULL),
(481,462,'GNV 5',5.00,'Activo',NULL,NULL,NULL,NULL,NULL,NULL,2,1,NULL,NULL,NULL),
(482,463,'GNV 5',5.00,'Activo',NULL,NULL,NULL,NULL,NULL,NULL,2,1,NULL,NULL,NULL),
(483,464,'GNV 5',5.00,'Activo',NULL,NULL,NULL,NULL,NULL,NULL,2,1,NULL,NULL,NULL),
(484,465,'GNV 5',5.00,'Activo',NULL,NULL,NULL,NULL,NULL,NULL,2,1,NULL,NULL,NULL),
(485,466,'GNV 5',5.00,'Activo',NULL,NULL,NULL,NULL,NULL,NULL,2,1,NULL,NULL,NULL),
(486,467,'GNV 5',5.00,'Activo',NULL,NULL,NULL,NULL,NULL,NULL,2,1,NULL,NULL,NULL),
(487,468,'GNV 5',5.00,'Activo',NULL,NULL,NULL,NULL,NULL,NULL,2,1,NULL,NULL,NULL),
(488,469,'GNV 5',5.00,'Activo',NULL,NULL,NULL,NULL,NULL,NULL,2,1,NULL,NULL,NULL),
(489,470,'GNV 5',5.00,'Activo',NULL,NULL,NULL,NULL,NULL,NULL,2,1,NULL,NULL,NULL),
(490,471,'GNV 5',5.00,'Activo',NULL,NULL,NULL,NULL,NULL,NULL,2,1,NULL,NULL,NULL),
(491,472,'GNV 5',5.00,'Activo',NULL,NULL,NULL,NULL,NULL,NULL,2,1,NULL,NULL,NULL),
(492,473,'GNV 5',5.00,'Activo',NULL,NULL,NULL,NULL,NULL,NULL,2,1,NULL,NULL,NULL),
(493,474,'GNV 5',5.00,'Activo',NULL,NULL,NULL,NULL,NULL,NULL,2,1,NULL,NULL,NULL),
(494,475,'GNV 5',5.00,'Activo',NULL,NULL,NULL,NULL,NULL,NULL,2,1,NULL,NULL,NULL),
(495,476,'GNV 5',5.00,'Activo',NULL,NULL,NULL,NULL,NULL,NULL,2,1,NULL,NULL,NULL),
(496,477,'GNV 5',5.00,'Activo',NULL,NULL,NULL,NULL,NULL,NULL,2,1,NULL,NULL,NULL),
(497,478,'GNV 5',5.00,'Activo',NULL,NULL,NULL,NULL,NULL,NULL,2,1,NULL,NULL,NULL),
(498,479,'GNV 5',5.00,'Activo',NULL,NULL,NULL,NULL,NULL,NULL,2,1,NULL,NULL,NULL),
(499,480,'GNV 5',5.00,'Activo',NULL,NULL,NULL,NULL,NULL,NULL,2,1,NULL,NULL,NULL),
(500,481,'GNV 5',5.00,'Activo',NULL,NULL,NULL,NULL,NULL,NULL,2,1,NULL,NULL,NULL),
(501,482,'GNV 5',5.00,'Activo',NULL,NULL,NULL,NULL,NULL,NULL,2,1,NULL,NULL,NULL),
(502,483,'GNV 5',5.00,'Activo',NULL,NULL,NULL,NULL,NULL,NULL,2,1,NULL,NULL,NULL),
(503,484,'GNV 5',5.00,'Activo',NULL,NULL,NULL,NULL,NULL,NULL,2,1,NULL,NULL,NULL),
(504,485,'GNV 5',5.00,'Activo',NULL,NULL,NULL,NULL,NULL,NULL,2,1,NULL,NULL,NULL),
(505,486,'GNV 5',5.00,'Activo',NULL,NULL,NULL,NULL,NULL,NULL,2,1,NULL,NULL,NULL),
(506,487,'GNV 5',5.00,'Activo',NULL,NULL,NULL,NULL,NULL,NULL,2,1,NULL,NULL,NULL),
(507,488,'GNV 5',5.00,'Activo',NULL,NULL,NULL,NULL,NULL,NULL,2,1,NULL,NULL,NULL),
(508,489,'GNV 5',5.00,'Activo',NULL,NULL,NULL,NULL,NULL,NULL,2,1,NULL,NULL,NULL),
(509,490,'GNV 5',5.00,'Activo',NULL,NULL,NULL,NULL,NULL,NULL,2,1,NULL,NULL,NULL),
(510,491,'GNV 5',5.00,'Activo',NULL,NULL,NULL,NULL,NULL,NULL,2,1,NULL,NULL,NULL),
(511,492,'GNV 5',5.00,'Activo',NULL,NULL,NULL,NULL,NULL,NULL,2,1,NULL,NULL,NULL),
(512,493,'GNV 5',5.00,'Activo',NULL,NULL,NULL,NULL,NULL,NULL,2,1,NULL,NULL,NULL),
(513,494,'GNV 5',5.00,'Activo',NULL,NULL,NULL,NULL,NULL,NULL,2,1,NULL,NULL,NULL),
(514,495,'GNV 5',5.00,'Activo',NULL,NULL,NULL,NULL,NULL,NULL,2,1,NULL,NULL,NULL),
(515,496,'GNV 5',5.00,'Activo',NULL,NULL,NULL,NULL,NULL,NULL,2,1,NULL,NULL,NULL),
(516,497,'GNV 5',5.00,'Activo',NULL,NULL,NULL,NULL,NULL,NULL,2,1,NULL,NULL,NULL),
(517,498,'GNV 5',5.00,'Activo',NULL,NULL,NULL,NULL,NULL,NULL,2,1,NULL,NULL,NULL),
(518,499,'GNV 5',5.00,'Activo',NULL,NULL,NULL,NULL,NULL,NULL,2,1,NULL,NULL,NULL),
(520,1,'GNV 10',10.00,'Activo',NULL,NULL,NULL,NULL,NULL,NULL,2,1,NULL,NULL,NULL),
(521,2,'GNV 10',10.00,'Activo',NULL,NULL,NULL,NULL,NULL,NULL,2,1,NULL,NULL,NULL),
(522,3,'GNV 10',10.00,'Activo',NULL,NULL,NULL,NULL,NULL,NULL,2,1,NULL,NULL,NULL),
(523,4,'GNV 10',10.00,'Activo',NULL,NULL,NULL,NULL,NULL,NULL,2,1,NULL,NULL,NULL),
(524,5,'GNV 10',10.00,'Activo',NULL,NULL,NULL,NULL,NULL,NULL,2,1,NULL,NULL,NULL),
(525,6,'GNV 10',10.00,'Activo',NULL,NULL,NULL,NULL,NULL,NULL,2,1,NULL,NULL,NULL),
(526,7,'GNV 10',10.00,'Activo',NULL,NULL,NULL,NULL,NULL,NULL,2,1,NULL,NULL,NULL),
(527,8,'GNV 10',10.00,'Activo',NULL,NULL,NULL,NULL,NULL,NULL,2,1,NULL,NULL,NULL),
(528,9,'GNV 10',10.00,'Activo',NULL,NULL,NULL,NULL,NULL,NULL,2,1,NULL,NULL,NULL),
(529,10,'GNV 10',10.00,'Activo',NULL,NULL,NULL,NULL,NULL,NULL,2,1,NULL,NULL,NULL),
(530,11,'GNV 10',10.00,'Activo',NULL,NULL,NULL,NULL,NULL,NULL,2,1,NULL,NULL,NULL),
(531,12,'GNV 10',10.00,'Activo',NULL,NULL,NULL,NULL,NULL,NULL,2,1,NULL,NULL,NULL),
(532,13,'GNV 10',10.00,'Activo',NULL,NULL,NULL,NULL,NULL,NULL,2,1,NULL,NULL,NULL),
(533,14,'GNV 10',10.00,'Activo',NULL,NULL,NULL,NULL,NULL,NULL,2,1,NULL,NULL,NULL),
(534,15,'GNV 10',10.00,'Activo',NULL,NULL,NULL,NULL,NULL,NULL,2,1,NULL,NULL,NULL),
(535,16,'GNV 10',10.00,'Activo',NULL,NULL,NULL,NULL,NULL,NULL,2,1,NULL,NULL,NULL),
(536,17,'GNV 10',10.00,'Activo',NULL,NULL,NULL,NULL,NULL,NULL,2,1,NULL,NULL,NULL),
(537,18,'GNV 10',10.00,'Activo',NULL,NULL,NULL,NULL,NULL,NULL,2,1,NULL,NULL,NULL),
(538,19,'GNV 10',10.00,'Activo',NULL,NULL,NULL,NULL,NULL,NULL,2,1,NULL,NULL,NULL),
(539,20,'GNV 10',10.00,'Activo',NULL,NULL,NULL,NULL,NULL,NULL,2,1,NULL,NULL,NULL),
(540,21,'GNV 10',10.00,'Activo',NULL,NULL,NULL,NULL,NULL,NULL,2,1,NULL,NULL,NULL),
(541,22,'GNV 10',10.00,'Activo',NULL,NULL,NULL,NULL,NULL,NULL,2,1,NULL,NULL,NULL),
(542,23,'GNV 10',10.00,'Activo',NULL,NULL,NULL,NULL,NULL,NULL,2,1,NULL,NULL,NULL),
(543,24,'GNV 10',10.00,'Activo',NULL,NULL,NULL,NULL,NULL,NULL,2,1,NULL,NULL,NULL),
(544,25,'GNV 10',10.00,'Activo',NULL,NULL,NULL,NULL,NULL,NULL,2,1,NULL,NULL,NULL),
(545,26,'GNV 10',10.00,'Activo',NULL,NULL,NULL,NULL,NULL,NULL,2,1,NULL,NULL,NULL),
(546,27,'GNV 10',10.00,'Activo',NULL,NULL,NULL,NULL,NULL,NULL,2,1,NULL,NULL,NULL),
(547,28,'GNV 10',10.00,'Activo',NULL,NULL,NULL,NULL,NULL,NULL,2,1,NULL,NULL,NULL),
(548,29,'GNV 10',10.00,'Activo',NULL,NULL,NULL,NULL,NULL,NULL,2,1,NULL,NULL,NULL),
(549,30,'GNV 10',10.00,'Activo',NULL,NULL,NULL,NULL,NULL,NULL,2,1,NULL,NULL,NULL),
(550,31,'GNV 10',10.00,'Activo',NULL,NULL,NULL,NULL,NULL,NULL,2,1,NULL,NULL,NULL),
(551,32,'GNV 10',10.00,'Activo',NULL,NULL,NULL,NULL,NULL,NULL,2,1,NULL,NULL,NULL),
(552,33,'GNV 10',10.00,'Activo',NULL,NULL,NULL,NULL,NULL,NULL,2,1,NULL,NULL,NULL),
(553,34,'GNV 10',10.00,'Activo',NULL,NULL,NULL,NULL,NULL,NULL,2,1,NULL,NULL,NULL),
(554,35,'GNV 10',10.00,'Activo',NULL,NULL,NULL,NULL,NULL,NULL,2,1,NULL,NULL,NULL),
(555,36,'GNV 10',10.00,'Activo',NULL,NULL,NULL,NULL,NULL,NULL,2,1,NULL,NULL,NULL),
(556,37,'GNV 10',10.00,'Activo',NULL,NULL,NULL,NULL,NULL,NULL,2,1,NULL,NULL,NULL),
(557,38,'GNV 10',10.00,'Activo',NULL,NULL,NULL,NULL,NULL,NULL,2,1,NULL,NULL,NULL),
(558,39,'GNV 10',10.00,'Activo',NULL,NULL,NULL,NULL,NULL,NULL,2,1,NULL,NULL,NULL),
(559,40,'GNV 10',10.00,'Activo',NULL,NULL,NULL,NULL,NULL,NULL,2,1,NULL,NULL,NULL),
(560,41,'GNV 10',10.00,'Activo',NULL,NULL,NULL,NULL,NULL,NULL,2,1,NULL,NULL,NULL),
(561,42,'GNV 10',10.00,'Activo',NULL,NULL,NULL,NULL,NULL,NULL,2,1,NULL,NULL,NULL),
(562,43,'GNV 10',10.00,'Activo',NULL,NULL,NULL,NULL,NULL,NULL,2,1,NULL,NULL,NULL),
(563,44,'GNV 10',10.00,'Activo',NULL,NULL,NULL,NULL,NULL,NULL,2,1,NULL,NULL,NULL),
(564,45,'GNV 10',10.00,'Activo',NULL,NULL,NULL,NULL,NULL,NULL,2,1,NULL,NULL,NULL),
(565,46,'GNV 10',10.00,'Activo',NULL,NULL,NULL,NULL,NULL,NULL,2,1,NULL,NULL,NULL),
(566,47,'GNV 10',10.00,'Activo',NULL,NULL,NULL,NULL,NULL,NULL,2,1,NULL,NULL,NULL),
(567,48,'GNV 10',10.00,'Activo',NULL,NULL,NULL,NULL,NULL,NULL,2,1,NULL,NULL,NULL),
(568,49,'GNV 10',10.00,'Activo',NULL,NULL,NULL,NULL,NULL,NULL,2,1,NULL,NULL,NULL),
(569,50,'GNV 10',10.00,'Activo',NULL,NULL,NULL,NULL,NULL,NULL,2,1,NULL,NULL,NULL),
(570,51,'GNV 10',10.00,'Activo',NULL,NULL,NULL,NULL,NULL,NULL,2,1,NULL,NULL,NULL),
(571,52,'GNV 10',10.00,'Activo',NULL,NULL,NULL,NULL,NULL,NULL,2,1,NULL,NULL,NULL),
(572,53,'GNV 10',10.00,'Activo',NULL,NULL,NULL,NULL,NULL,NULL,2,1,NULL,NULL,NULL),
(573,54,'GNV 10',10.00,'Activo',NULL,NULL,NULL,NULL,NULL,NULL,2,1,NULL,NULL,NULL),
(574,55,'GNV 10',10.00,'Activo',NULL,NULL,NULL,NULL,NULL,NULL,2,1,NULL,NULL,NULL),
(575,56,'GNV 10',10.00,'Activo',NULL,NULL,NULL,NULL,NULL,NULL,2,1,NULL,NULL,NULL),
(576,57,'GNV 10',10.00,'Activo',NULL,NULL,NULL,NULL,NULL,NULL,2,1,NULL,NULL,NULL),
(577,58,'GNV 10',10.00,'Activo',NULL,NULL,NULL,NULL,NULL,NULL,2,1,NULL,NULL,NULL),
(578,59,'GNV 10',10.00,'Activo',NULL,NULL,NULL,NULL,NULL,NULL,2,1,NULL,NULL,NULL),
(579,60,'GNV 10',10.00,'Activo',NULL,NULL,NULL,NULL,NULL,NULL,2,1,NULL,NULL,NULL),
(580,61,'GNV 10',10.00,'Activo',NULL,NULL,NULL,NULL,NULL,NULL,2,1,NULL,NULL,NULL),
(581,62,'GNV 10',10.00,'Activo',NULL,NULL,NULL,NULL,NULL,NULL,2,1,NULL,NULL,NULL),
(582,63,'GNV 10',10.00,'Activo',NULL,NULL,NULL,NULL,NULL,NULL,2,1,NULL,NULL,NULL),
(583,64,'GNV 10',10.00,'Activo',NULL,NULL,NULL,NULL,NULL,NULL,2,1,NULL,NULL,NULL),
(584,65,'GNV 10',10.00,'Activo',NULL,NULL,NULL,NULL,NULL,NULL,2,1,NULL,NULL,NULL),
(585,66,'GNV 10',10.00,'Activo',NULL,NULL,NULL,NULL,NULL,NULL,2,1,NULL,NULL,NULL),
(586,67,'GNV 10',10.00,'Activo',NULL,NULL,NULL,NULL,NULL,NULL,2,1,NULL,NULL,NULL),
(587,68,'GNV 10',10.00,'Activo',NULL,NULL,NULL,NULL,NULL,NULL,2,1,NULL,NULL,NULL),
(588,69,'GNV 10',10.00,'Activo',NULL,NULL,NULL,NULL,NULL,NULL,2,1,NULL,NULL,NULL),
(589,70,'GNV 10',10.00,'Activo',NULL,NULL,NULL,NULL,NULL,NULL,2,1,NULL,NULL,NULL),
(590,71,'GNV 10',10.00,'Activo',NULL,NULL,NULL,NULL,NULL,NULL,2,1,NULL,NULL,NULL),
(591,72,'GNV 10',10.00,'Activo',NULL,NULL,NULL,NULL,NULL,NULL,2,1,NULL,NULL,NULL),
(592,73,'GNV 10',10.00,'Activo',NULL,NULL,NULL,NULL,NULL,NULL,2,1,NULL,NULL,NULL),
(593,74,'GNV 10',10.00,'Activo',NULL,NULL,NULL,NULL,NULL,NULL,2,1,NULL,NULL,NULL),
(594,75,'GNV 10',10.00,'Activo',NULL,NULL,NULL,NULL,NULL,NULL,2,1,NULL,NULL,NULL),
(595,76,'GNV 10',10.00,'Activo',NULL,NULL,NULL,NULL,NULL,NULL,2,1,NULL,NULL,NULL),
(596,77,'GNV 10',10.00,'Activo',NULL,NULL,NULL,NULL,NULL,NULL,2,1,NULL,NULL,NULL),
(597,78,'GNV 10',10.00,'Activo',NULL,NULL,NULL,NULL,NULL,NULL,2,1,NULL,NULL,NULL),
(598,79,'GNV 10',10.00,'Activo',NULL,NULL,NULL,NULL,NULL,NULL,2,1,NULL,NULL,NULL),
(599,80,'GNV 10',10.00,'Activo',NULL,NULL,NULL,NULL,NULL,NULL,2,1,NULL,NULL,NULL),
(600,81,'GNV 10',10.00,'Activo',NULL,NULL,NULL,NULL,NULL,NULL,2,1,NULL,NULL,NULL),
(601,82,'GNV 10',10.00,'Activo',NULL,NULL,NULL,NULL,NULL,NULL,2,1,NULL,NULL,NULL),
(602,83,'GNV 10',10.00,'Activo',NULL,NULL,NULL,NULL,NULL,NULL,2,1,NULL,NULL,NULL),
(603,84,'GNV 10',10.00,'Activo',NULL,NULL,NULL,NULL,NULL,NULL,2,1,NULL,NULL,NULL),
(604,85,'GNV 10',10.00,'Activo',NULL,NULL,NULL,NULL,NULL,NULL,2,1,NULL,NULL,NULL),
(605,86,'GNV 10',10.00,'Activo',NULL,NULL,NULL,NULL,NULL,NULL,2,1,NULL,NULL,NULL),
(606,87,'GNV 10',10.00,'Activo',NULL,NULL,NULL,NULL,NULL,NULL,2,1,NULL,NULL,NULL),
(607,88,'GNV 10',10.00,'Activo',NULL,NULL,NULL,NULL,NULL,NULL,2,1,NULL,NULL,NULL),
(608,89,'GNV 10',10.00,'Activo',NULL,NULL,NULL,NULL,NULL,NULL,2,1,NULL,NULL,NULL),
(609,90,'GNV 10',10.00,'Activo',NULL,NULL,NULL,NULL,NULL,NULL,2,1,NULL,NULL,NULL),
(610,91,'GNV 10',10.00,'Activo',NULL,NULL,NULL,NULL,NULL,NULL,2,1,NULL,NULL,NULL),
(611,92,'GNV 10',10.00,'Activo',NULL,NULL,NULL,NULL,NULL,NULL,2,1,NULL,NULL,NULL),
(612,93,'GNV 10',10.00,'Activo',NULL,NULL,NULL,NULL,NULL,NULL,2,1,NULL,NULL,NULL),
(613,94,'GNV 10',10.00,'Activo',NULL,NULL,NULL,NULL,NULL,NULL,2,1,NULL,NULL,NULL),
(614,95,'GNV 10',10.00,'Activo',NULL,NULL,NULL,NULL,NULL,NULL,2,1,NULL,NULL,NULL),
(615,96,'GNV 10',10.00,'Activo',NULL,NULL,NULL,NULL,NULL,NULL,2,1,NULL,NULL,NULL),
(616,97,'GNV 10',10.00,'Activo',NULL,NULL,NULL,NULL,NULL,NULL,2,1,NULL,NULL,NULL),
(617,98,'GNV 10',10.00,'Activo',NULL,NULL,NULL,NULL,NULL,NULL,2,1,NULL,NULL,NULL),
(618,99,'GNV 10',10.00,'Activo',NULL,NULL,NULL,NULL,NULL,NULL,2,1,NULL,NULL,NULL),
(619,100,'GNV 10',10.00,'Activo',NULL,NULL,NULL,NULL,NULL,NULL,2,1,NULL,NULL,NULL),
(620,101,'GNV 10',10.00,'Activo',NULL,NULL,NULL,NULL,NULL,NULL,2,1,NULL,NULL,NULL),
(621,102,'GNV 10',10.00,'Activo',NULL,NULL,NULL,NULL,NULL,NULL,2,1,NULL,NULL,NULL),
(622,103,'GNV 10',10.00,'Activo',NULL,NULL,NULL,NULL,NULL,NULL,2,1,NULL,NULL,NULL),
(623,104,'GNV 10',10.00,'Activo',NULL,NULL,NULL,NULL,NULL,NULL,2,1,NULL,NULL,NULL),
(624,105,'GNV 10',10.00,'Activo',NULL,NULL,NULL,NULL,NULL,NULL,2,1,NULL,NULL,NULL),
(625,106,'GNV 10',10.00,'Activo',NULL,NULL,NULL,NULL,NULL,NULL,2,1,NULL,NULL,NULL),
(626,107,'GNV 10',10.00,'Activo',NULL,NULL,NULL,NULL,NULL,NULL,2,1,NULL,NULL,NULL),
(627,108,'GNV 10',10.00,'Activo',NULL,NULL,NULL,NULL,NULL,NULL,2,1,NULL,NULL,NULL),
(628,109,'GNV 10',10.00,'Activo',NULL,NULL,NULL,NULL,NULL,NULL,2,1,NULL,NULL,NULL),
(629,110,'GNV 10',10.00,'Activo',NULL,NULL,NULL,NULL,NULL,NULL,2,1,NULL,NULL,NULL),
(630,111,'GNV 10',10.00,'Activo',NULL,NULL,NULL,NULL,NULL,NULL,2,1,NULL,NULL,NULL),
(631,112,'GNV 10',10.00,'Activo',NULL,NULL,NULL,NULL,NULL,NULL,2,1,NULL,NULL,NULL),
(632,113,'GNV 10',10.00,'Activo',NULL,NULL,NULL,NULL,NULL,NULL,2,1,NULL,NULL,NULL),
(633,114,'GNV 10',10.00,'Activo',NULL,NULL,NULL,NULL,NULL,NULL,2,1,NULL,NULL,NULL),
(634,115,'GNV 10',10.00,'Activo',NULL,NULL,NULL,NULL,NULL,NULL,2,1,NULL,NULL,NULL),
(635,116,'GNV 10',10.00,'Activo',NULL,NULL,NULL,NULL,NULL,NULL,2,1,NULL,NULL,NULL),
(636,117,'GNV 10',10.00,'Activo',NULL,NULL,NULL,NULL,NULL,NULL,2,1,NULL,NULL,NULL),
(637,118,'GNV 10',10.00,'Activo',NULL,NULL,NULL,NULL,NULL,NULL,2,1,NULL,NULL,NULL),
(638,119,'GNV 10',10.00,'Activo',NULL,NULL,NULL,NULL,NULL,NULL,2,1,NULL,NULL,NULL),
(639,120,'GNV 10',10.00,'Activo',NULL,NULL,NULL,NULL,NULL,NULL,2,1,NULL,NULL,NULL),
(640,121,'GNV 10',10.00,'Activo',NULL,NULL,NULL,NULL,NULL,NULL,2,1,NULL,NULL,NULL),
(641,122,'GNV 10',10.00,'Activo',NULL,NULL,NULL,NULL,NULL,NULL,2,1,NULL,NULL,NULL),
(642,123,'GNV 10',10.00,'Activo',NULL,NULL,NULL,NULL,NULL,NULL,2,1,NULL,NULL,NULL),
(643,124,'GNV 10',10.00,'Activo',NULL,NULL,NULL,NULL,NULL,NULL,2,1,NULL,NULL,NULL),
(644,125,'GNV 10',10.00,'Activo',NULL,NULL,NULL,NULL,NULL,NULL,2,1,NULL,NULL,NULL),
(645,126,'GNV 10',10.00,'Activo',NULL,NULL,NULL,NULL,NULL,NULL,2,1,NULL,NULL,NULL),
(646,127,'GNV 10',10.00,'Activo',NULL,NULL,NULL,NULL,NULL,NULL,2,1,NULL,NULL,NULL),
(647,128,'GNV 10',10.00,'Activo',NULL,NULL,NULL,NULL,NULL,NULL,2,1,NULL,NULL,NULL),
(648,129,'GNV 10',10.00,'Activo',NULL,NULL,NULL,NULL,NULL,NULL,2,1,NULL,NULL,NULL),
(649,130,'GNV 10',10.00,'Activo',NULL,NULL,NULL,NULL,NULL,NULL,2,1,NULL,NULL,NULL),
(650,131,'GNV 10',10.00,'Activo',NULL,NULL,NULL,NULL,NULL,NULL,2,1,NULL,NULL,NULL),
(651,132,'GNV 10',10.00,'Activo',NULL,NULL,NULL,NULL,NULL,NULL,2,1,NULL,NULL,NULL),
(652,133,'GNV 10',10.00,'Activo',NULL,NULL,NULL,NULL,NULL,NULL,2,1,NULL,NULL,NULL),
(653,134,'GNV 10',10.00,'Activo',NULL,NULL,NULL,NULL,NULL,NULL,2,1,NULL,NULL,NULL),
(654,135,'GNV 10',10.00,'Activo',NULL,NULL,NULL,NULL,NULL,NULL,2,1,NULL,NULL,NULL),
(655,136,'GNV 10',10.00,'Activo',NULL,NULL,NULL,NULL,NULL,NULL,2,1,NULL,NULL,NULL),
(656,137,'GNV 10',10.00,'Activo',NULL,NULL,NULL,NULL,NULL,NULL,2,1,NULL,NULL,NULL),
(657,138,'GNV 10',10.00,'Activo',NULL,NULL,NULL,NULL,NULL,NULL,2,1,NULL,NULL,NULL),
(658,139,'GNV 10',10.00,'Activo',NULL,NULL,NULL,NULL,NULL,NULL,2,1,NULL,NULL,NULL),
(659,140,'GNV 10',10.00,'Activo',NULL,NULL,NULL,NULL,NULL,NULL,2,1,NULL,NULL,NULL),
(660,141,'GNV 10',10.00,'Activo',NULL,NULL,NULL,NULL,NULL,NULL,2,1,NULL,NULL,NULL),
(661,142,'GNV 10',10.00,'Activo',NULL,NULL,NULL,NULL,NULL,NULL,2,1,NULL,NULL,NULL),
(662,143,'GNV 10',10.00,'Activo',NULL,NULL,NULL,NULL,NULL,NULL,2,1,NULL,NULL,NULL),
(663,144,'GNV 10',10.00,'Activo',NULL,NULL,NULL,NULL,NULL,NULL,2,1,NULL,NULL,NULL),
(664,145,'GNV 10',10.00,'Activo',NULL,NULL,NULL,NULL,NULL,NULL,2,1,NULL,NULL,NULL),
(665,146,'GNV 10',10.00,'Activo',NULL,NULL,NULL,NULL,NULL,NULL,2,1,NULL,NULL,NULL),
(666,147,'GNV 10',10.00,'Activo',NULL,NULL,NULL,NULL,NULL,NULL,2,1,NULL,NULL,NULL),
(667,148,'GNV 10',10.00,'Activo',NULL,NULL,NULL,NULL,NULL,NULL,2,1,NULL,NULL,NULL),
(668,149,'GNV 10',10.00,'Activo',NULL,NULL,NULL,NULL,NULL,NULL,2,1,NULL,NULL,NULL),
(669,150,'GNV 10',10.00,'Activo',NULL,NULL,NULL,NULL,NULL,NULL,2,1,NULL,NULL,NULL),
(670,151,'GNV 10',10.00,'Activo',NULL,NULL,NULL,NULL,NULL,NULL,2,1,NULL,NULL,NULL),
(671,152,'GNV 10',10.00,'Activo',NULL,NULL,NULL,NULL,NULL,NULL,2,1,NULL,NULL,NULL),
(672,153,'GNV 10',10.00,'Activo',NULL,NULL,NULL,NULL,NULL,NULL,2,1,NULL,NULL,NULL),
(673,154,'GNV 10',10.00,'Activo',NULL,NULL,NULL,NULL,NULL,NULL,2,1,NULL,NULL,NULL),
(674,155,'GNV 10',10.00,'Activo',NULL,NULL,NULL,NULL,NULL,NULL,2,1,NULL,NULL,NULL),
(675,156,'GNV 10',10.00,'Activo',NULL,NULL,NULL,NULL,NULL,NULL,2,1,NULL,NULL,NULL),
(676,157,'GNV 10',10.00,'Activo',NULL,NULL,NULL,NULL,NULL,NULL,2,1,NULL,NULL,NULL),
(677,158,'GNV 10',10.00,'Activo',NULL,NULL,NULL,NULL,NULL,NULL,2,1,NULL,NULL,NULL),
(678,159,'GNV 10',10.00,'Activo',NULL,NULL,NULL,NULL,NULL,NULL,2,1,NULL,NULL,NULL),
(679,160,'GNV 10',10.00,'Activo',NULL,NULL,NULL,NULL,NULL,NULL,2,1,NULL,NULL,NULL),
(680,161,'GNV 10',10.00,'Activo',NULL,NULL,NULL,NULL,NULL,NULL,2,1,NULL,NULL,NULL),
(681,162,'GNV 10',10.00,'Activo',NULL,NULL,NULL,NULL,NULL,NULL,2,1,NULL,NULL,NULL),
(682,163,'GNV 10',10.00,'Activo',NULL,NULL,NULL,NULL,NULL,NULL,2,1,NULL,NULL,NULL),
(683,164,'GNV 10',10.00,'Activo',NULL,NULL,NULL,NULL,NULL,NULL,2,1,NULL,NULL,NULL),
(684,165,'GNV 10',10.00,'Activo',NULL,NULL,NULL,NULL,NULL,NULL,2,1,NULL,NULL,NULL),
(685,166,'GNV 10',10.00,'Activo',NULL,NULL,NULL,NULL,NULL,NULL,2,1,NULL,NULL,NULL),
(686,167,'GNV 10',10.00,'Activo',NULL,NULL,NULL,NULL,NULL,NULL,2,1,NULL,NULL,NULL),
(687,168,'GNV 10',10.00,'Activo',NULL,NULL,NULL,NULL,NULL,NULL,2,1,NULL,NULL,NULL),
(688,169,'GNV 10',10.00,'Activo',NULL,NULL,NULL,NULL,NULL,NULL,2,1,NULL,NULL,NULL),
(689,170,'GNV 10',10.00,'Activo',NULL,NULL,NULL,NULL,NULL,NULL,2,1,NULL,NULL,NULL),
(690,171,'GNV 10',10.00,'Activo',NULL,NULL,NULL,NULL,NULL,NULL,2,1,NULL,NULL,NULL),
(691,172,'GNV 10',10.00,'Activo',NULL,NULL,NULL,NULL,NULL,NULL,2,1,NULL,NULL,NULL),
(692,173,'GNV 10',10.00,'Activo',NULL,NULL,NULL,NULL,NULL,NULL,2,1,NULL,NULL,NULL),
(693,174,'GNV 10',10.00,'Activo',NULL,NULL,NULL,NULL,NULL,NULL,2,1,NULL,NULL,NULL),
(694,175,'GNV 10',10.00,'Activo',NULL,NULL,NULL,NULL,NULL,NULL,2,1,NULL,NULL,NULL),
(695,176,'GNV 10',10.00,'Activo',NULL,NULL,NULL,NULL,NULL,NULL,2,1,NULL,NULL,NULL),
(696,177,'GNV 10',10.00,'Activo',NULL,NULL,NULL,NULL,NULL,NULL,2,1,NULL,NULL,NULL),
(697,178,'GNV 10',10.00,'Activo',NULL,NULL,NULL,NULL,NULL,NULL,2,1,NULL,NULL,NULL),
(698,179,'GNV 10',10.00,'Activo',NULL,NULL,NULL,NULL,NULL,NULL,2,1,NULL,NULL,NULL),
(699,180,'GNV 10',10.00,'Activo',NULL,NULL,NULL,NULL,NULL,NULL,2,1,NULL,NULL,NULL),
(700,181,'GNV 10',10.00,'Activo',NULL,NULL,NULL,NULL,NULL,NULL,2,1,NULL,NULL,NULL),
(701,182,'GNV 10',10.00,'Activo',NULL,NULL,NULL,NULL,NULL,NULL,2,1,NULL,NULL,NULL),
(702,183,'GNV 10',10.00,'Activo',NULL,NULL,NULL,NULL,NULL,NULL,2,1,NULL,NULL,NULL),
(703,184,'GNV 10',10.00,'Activo',NULL,NULL,NULL,NULL,NULL,NULL,2,1,NULL,NULL,NULL),
(704,185,'GNV 10',10.00,'Activo',NULL,NULL,NULL,NULL,NULL,NULL,2,1,NULL,NULL,NULL),
(705,186,'GNV 10',10.00,'Activo',NULL,NULL,NULL,NULL,NULL,NULL,2,1,NULL,NULL,NULL),
(706,187,'GNV 10',10.00,'Activo',NULL,NULL,NULL,NULL,NULL,NULL,2,1,NULL,NULL,NULL),
(707,188,'GNV 10',10.00,'Activo',NULL,NULL,NULL,NULL,NULL,NULL,2,1,NULL,NULL,NULL),
(708,189,'GNV 10',10.00,'Activo',NULL,NULL,NULL,NULL,NULL,NULL,2,1,NULL,NULL,NULL),
(709,190,'GNV 10',10.00,'Activo',NULL,NULL,NULL,NULL,NULL,NULL,2,1,NULL,NULL,NULL),
(710,191,'GNV 10',10.00,'Activo',NULL,NULL,NULL,NULL,NULL,NULL,2,1,NULL,NULL,NULL),
(711,192,'GNV 10',10.00,'Activo',NULL,NULL,NULL,NULL,NULL,NULL,2,1,NULL,NULL,NULL),
(712,193,'GNV 10',10.00,'Activo',NULL,NULL,NULL,NULL,NULL,NULL,2,1,NULL,NULL,NULL),
(713,194,'GNV 10',10.00,'Activo',NULL,NULL,NULL,NULL,NULL,NULL,2,1,NULL,NULL,NULL),
(714,195,'GNV 10',10.00,'Activo',NULL,NULL,NULL,NULL,NULL,NULL,2,1,NULL,NULL,NULL),
(715,196,'GNV 10',10.00,'Activo',NULL,NULL,NULL,NULL,NULL,NULL,2,1,NULL,NULL,NULL),
(716,197,'GNV 10',10.00,'Activo',NULL,NULL,NULL,NULL,NULL,NULL,2,1,NULL,NULL,NULL),
(717,198,'GNV 10',10.00,'Activo',NULL,NULL,NULL,NULL,NULL,NULL,2,1,NULL,NULL,NULL),
(718,199,'GNV 10',10.00,'Activo',NULL,NULL,NULL,NULL,NULL,NULL,2,1,NULL,NULL,NULL),
(719,200,'GNV 10',10.00,'Activo',NULL,NULL,NULL,NULL,NULL,NULL,2,1,NULL,NULL,NULL),
(720,201,'GNV 10',10.00,'Activo',NULL,NULL,NULL,NULL,NULL,NULL,2,1,NULL,NULL,NULL),
(721,202,'GNV 10',10.00,'Activo',NULL,NULL,NULL,NULL,NULL,NULL,2,1,NULL,NULL,NULL),
(722,203,'GNV 10',10.00,'Activo',NULL,NULL,NULL,NULL,NULL,NULL,2,1,NULL,NULL,NULL),
(723,204,'GNV 10',10.00,'Activo',NULL,NULL,NULL,NULL,NULL,NULL,2,1,NULL,NULL,NULL),
(724,205,'GNV 10',10.00,'Activo',NULL,NULL,NULL,NULL,NULL,NULL,2,1,NULL,NULL,NULL),
(725,206,'GNV 10',10.00,'Activo',NULL,NULL,NULL,NULL,NULL,NULL,2,1,NULL,NULL,NULL),
(726,207,'GNV 10',10.00,'Activo',NULL,NULL,NULL,NULL,NULL,NULL,2,1,NULL,NULL,NULL),
(727,208,'GNV 10',10.00,'Activo',NULL,NULL,NULL,NULL,NULL,NULL,2,1,NULL,NULL,NULL),
(728,209,'GNV 10',10.00,'Activo',NULL,NULL,NULL,NULL,NULL,NULL,2,1,NULL,NULL,NULL),
(729,210,'GNV 10',10.00,'Activo',NULL,NULL,NULL,NULL,NULL,NULL,2,1,NULL,NULL,NULL),
(730,211,'GNV 10',10.00,'Activo',NULL,NULL,NULL,NULL,NULL,NULL,2,1,NULL,NULL,NULL),
(731,212,'GNV 10',10.00,'Activo',NULL,NULL,NULL,NULL,NULL,NULL,2,1,NULL,NULL,NULL),
(732,213,'GNV 10',10.00,'Activo',NULL,NULL,NULL,NULL,NULL,NULL,2,1,NULL,NULL,NULL),
(733,214,'GNV 10',10.00,'Activo',NULL,NULL,NULL,NULL,NULL,NULL,2,1,NULL,NULL,NULL),
(734,215,'GNV 10',10.00,'Activo',NULL,NULL,NULL,NULL,NULL,NULL,2,1,NULL,NULL,NULL),
(735,216,'GNV 10',10.00,'Activo',NULL,NULL,NULL,NULL,NULL,NULL,2,1,NULL,NULL,NULL),
(736,217,'GNV 10',10.00,'Activo',NULL,NULL,NULL,NULL,NULL,NULL,2,1,NULL,NULL,NULL),
(737,218,'GNV 10',10.00,'Activo',NULL,NULL,NULL,NULL,NULL,NULL,2,1,NULL,NULL,NULL),
(738,219,'GNV 10',10.00,'Activo',NULL,NULL,NULL,NULL,NULL,NULL,2,1,NULL,NULL,NULL),
(739,220,'GNV 10',10.00,'Activo',NULL,NULL,NULL,NULL,NULL,NULL,2,1,NULL,NULL,NULL),
(740,221,'GNV 10',10.00,'Activo',NULL,NULL,NULL,NULL,NULL,NULL,2,1,NULL,NULL,NULL),
(741,222,'GNV 10',10.00,'Activo',NULL,NULL,NULL,NULL,NULL,NULL,2,1,NULL,NULL,NULL),
(742,223,'GNV 10',10.00,'Activo',NULL,NULL,NULL,NULL,NULL,NULL,2,1,NULL,NULL,NULL),
(743,224,'GNV 10',10.00,'Activo',NULL,NULL,NULL,NULL,NULL,NULL,2,1,NULL,NULL,NULL),
(744,225,'GNV 10',10.00,'Activo',NULL,NULL,NULL,NULL,NULL,NULL,2,1,NULL,NULL,NULL),
(745,226,'GNV 10',10.00,'Activo',NULL,NULL,NULL,NULL,NULL,NULL,2,1,NULL,NULL,NULL),
(746,227,'GNV 10',10.00,'Activo',NULL,NULL,NULL,NULL,NULL,NULL,2,1,NULL,NULL,NULL),
(747,228,'GNV 10',10.00,'Activo',NULL,NULL,NULL,NULL,NULL,NULL,2,1,NULL,NULL,NULL),
(748,229,'GNV 10',10.00,'Activo',NULL,NULL,NULL,NULL,NULL,NULL,2,1,NULL,NULL,NULL),
(749,230,'GNV 10',10.00,'Activo',NULL,NULL,NULL,NULL,NULL,NULL,2,1,NULL,NULL,NULL),
(750,231,'GNV 10',10.00,'Activo',NULL,NULL,NULL,NULL,NULL,NULL,2,1,NULL,NULL,NULL),
(751,232,'GNV 10',10.00,'Activo',NULL,NULL,NULL,NULL,NULL,NULL,2,1,NULL,NULL,NULL),
(752,233,'GNV 10',10.00,'Activo',NULL,NULL,NULL,NULL,NULL,NULL,2,1,NULL,NULL,NULL),
(753,234,'GNV 10',10.00,'Activo',NULL,NULL,NULL,NULL,NULL,NULL,2,1,NULL,NULL,NULL),
(754,235,'GNV 10',10.00,'Activo',NULL,NULL,NULL,NULL,NULL,NULL,2,1,NULL,NULL,NULL),
(755,236,'GNV 10',10.00,'Activo',NULL,NULL,NULL,NULL,NULL,NULL,2,1,NULL,NULL,NULL),
(756,237,'GNV 10',10.00,'Activo',NULL,NULL,NULL,NULL,NULL,NULL,2,1,NULL,NULL,NULL),
(757,238,'GNV 10',10.00,'Activo',NULL,NULL,NULL,NULL,NULL,NULL,2,1,NULL,NULL,NULL),
(758,239,'GNV 10',10.00,'Activo',NULL,NULL,NULL,NULL,NULL,NULL,2,1,NULL,NULL,NULL),
(759,240,'GNV 10',10.00,'Activo',NULL,NULL,NULL,NULL,NULL,NULL,2,1,NULL,NULL,NULL),
(760,241,'GNV 10',10.00,'Activo',NULL,NULL,NULL,NULL,NULL,NULL,2,1,NULL,NULL,NULL),
(761,242,'GNV 10',10.00,'Activo',NULL,NULL,NULL,NULL,NULL,NULL,2,1,NULL,NULL,NULL),
(762,243,'GNV 10',10.00,'Activo',NULL,NULL,NULL,NULL,NULL,NULL,2,1,NULL,NULL,NULL),
(763,244,'GNV 10',10.00,'Activo',NULL,NULL,NULL,NULL,NULL,NULL,2,1,NULL,NULL,NULL),
(764,245,'GNV 10',10.00,'Activo',NULL,NULL,NULL,NULL,NULL,NULL,2,1,NULL,NULL,NULL),
(765,246,'GNV 10',10.00,'Activo',NULL,NULL,NULL,NULL,NULL,NULL,2,1,NULL,NULL,NULL),
(766,247,'GNV 10',10.00,'Activo',NULL,NULL,NULL,NULL,NULL,NULL,2,1,NULL,NULL,NULL),
(767,248,'GNV 10',10.00,'Activo',NULL,NULL,NULL,NULL,NULL,NULL,2,1,NULL,NULL,NULL),
(768,249,'GNV 10',10.00,'Activo',NULL,NULL,NULL,NULL,NULL,NULL,2,1,NULL,NULL,NULL),
(769,250,'GNV 10',10.00,'Activo',NULL,NULL,NULL,NULL,NULL,NULL,2,1,NULL,NULL,NULL),
(770,251,'GNV 10',10.00,'Activo',NULL,NULL,NULL,NULL,NULL,NULL,2,1,NULL,NULL,NULL),
(771,252,'GNV 10',10.00,'Activo',NULL,NULL,NULL,NULL,NULL,NULL,2,1,NULL,NULL,NULL),
(772,253,'GNV 10',10.00,'Activo',NULL,NULL,NULL,NULL,NULL,NULL,2,1,NULL,NULL,NULL),
(773,254,'GNV 10',10.00,'Activo',NULL,NULL,NULL,NULL,NULL,NULL,2,1,NULL,NULL,NULL),
(774,255,'GNV 10',10.00,'Activo',NULL,NULL,NULL,NULL,NULL,NULL,2,1,NULL,NULL,NULL),
(775,256,'GNV 10',10.00,'Activo',NULL,NULL,NULL,NULL,NULL,NULL,2,1,NULL,NULL,NULL),
(776,257,'GNV 10',10.00,'Activo',NULL,NULL,NULL,NULL,NULL,NULL,2,1,NULL,NULL,NULL),
(777,258,'GNV 10',10.00,'Activo',NULL,NULL,NULL,NULL,NULL,NULL,2,1,NULL,NULL,NULL),
(778,259,'GNV 10',10.00,'Activo',NULL,NULL,NULL,NULL,NULL,NULL,2,1,NULL,NULL,NULL),
(779,260,'GNV 10',10.00,'Activo',NULL,NULL,NULL,NULL,NULL,NULL,2,1,NULL,NULL,NULL),
(780,261,'GNV 10',10.00,'Activo',NULL,NULL,NULL,NULL,NULL,NULL,2,1,NULL,NULL,NULL),
(781,262,'GNV 10',10.00,'Activo',NULL,NULL,NULL,NULL,NULL,NULL,2,1,NULL,NULL,NULL),
(782,263,'GNV 10',10.00,'Activo',NULL,NULL,NULL,NULL,NULL,NULL,2,1,NULL,NULL,NULL),
(783,264,'GNV 10',10.00,'Activo',NULL,NULL,NULL,NULL,NULL,NULL,2,1,NULL,NULL,NULL),
(784,265,'GNV 10',10.00,'Activo',NULL,NULL,NULL,NULL,NULL,NULL,2,1,NULL,NULL,NULL),
(785,266,'GNV 10',10.00,'Activo',NULL,NULL,NULL,NULL,NULL,NULL,2,1,NULL,NULL,NULL),
(786,267,'GNV 10',10.00,'Activo',NULL,NULL,NULL,NULL,NULL,NULL,2,1,NULL,NULL,NULL),
(787,268,'GNV 10',10.00,'Activo',NULL,NULL,NULL,NULL,NULL,NULL,2,1,NULL,NULL,NULL),
(788,269,'GNV 10',10.00,'Activo',NULL,NULL,NULL,NULL,NULL,NULL,2,1,NULL,NULL,NULL),
(789,270,'GNV 10',10.00,'Activo',NULL,NULL,NULL,NULL,NULL,NULL,2,1,NULL,NULL,NULL),
(790,271,'GNV 10',10.00,'Activo',NULL,NULL,NULL,NULL,NULL,NULL,2,1,NULL,NULL,NULL),
(791,272,'GNV 10',10.00,'Activo',NULL,NULL,NULL,NULL,NULL,NULL,2,1,NULL,NULL,NULL),
(792,273,'GNV 10',10.00,'Activo',NULL,NULL,NULL,NULL,NULL,NULL,2,1,NULL,NULL,NULL),
(793,274,'GNV 10',10.00,'Activo',NULL,NULL,NULL,NULL,NULL,NULL,2,1,NULL,NULL,NULL),
(794,275,'GNV 10',10.00,'Activo',NULL,NULL,NULL,NULL,NULL,NULL,2,1,NULL,NULL,NULL),
(795,276,'GNV 10',10.00,'Activo',NULL,NULL,NULL,NULL,NULL,NULL,2,1,NULL,NULL,NULL),
(796,277,'GNV 10',10.00,'Activo',NULL,NULL,NULL,NULL,NULL,NULL,2,1,NULL,NULL,NULL),
(797,278,'GNV 10',10.00,'Activo',NULL,NULL,NULL,NULL,NULL,NULL,2,1,NULL,NULL,NULL),
(798,279,'GNV 10',10.00,'Activo',NULL,NULL,NULL,NULL,NULL,NULL,2,1,NULL,NULL,NULL),
(799,280,'GNV 10',10.00,'Activo',NULL,NULL,NULL,NULL,NULL,NULL,2,1,NULL,NULL,NULL),
(800,281,'GNV 10',10.00,'Activo',NULL,NULL,NULL,NULL,NULL,NULL,2,1,NULL,NULL,NULL),
(801,282,'GNV 10',10.00,'Activo',NULL,NULL,NULL,NULL,NULL,NULL,2,1,NULL,NULL,NULL),
(802,283,'GNV 10',10.00,'Activo',NULL,NULL,NULL,NULL,NULL,NULL,2,1,NULL,NULL,NULL),
(803,284,'GNV 10',10.00,'Activo',NULL,NULL,NULL,NULL,NULL,NULL,2,1,NULL,NULL,NULL),
(804,285,'GNV 10',10.00,'Activo',NULL,NULL,NULL,NULL,NULL,NULL,2,1,NULL,NULL,NULL),
(805,286,'GNV 10',10.00,'Activo',NULL,NULL,NULL,NULL,NULL,NULL,2,1,NULL,NULL,NULL),
(806,287,'GNV 10',10.00,'Activo',NULL,NULL,NULL,NULL,NULL,NULL,2,1,NULL,NULL,NULL),
(807,288,'GNV 10',10.00,'Activo',NULL,NULL,NULL,NULL,NULL,NULL,2,1,NULL,NULL,NULL),
(808,289,'GNV 10',10.00,'Activo',NULL,NULL,NULL,NULL,NULL,NULL,2,1,NULL,NULL,NULL),
(809,290,'GNV 10',10.00,'Activo',NULL,NULL,NULL,NULL,NULL,NULL,2,1,NULL,NULL,NULL),
(810,291,'GNV 10',10.00,'Activo',NULL,NULL,NULL,NULL,NULL,NULL,2,1,NULL,NULL,NULL),
(811,292,'GNV 10',10.00,'Activo',NULL,NULL,NULL,NULL,NULL,NULL,2,1,NULL,NULL,NULL),
(812,293,'GNV 10',10.00,'Activo',NULL,NULL,NULL,NULL,NULL,NULL,2,1,NULL,NULL,NULL),
(813,294,'GNV 10',10.00,'Activo',NULL,NULL,NULL,NULL,NULL,NULL,2,1,NULL,NULL,NULL),
(814,295,'GNV 10',10.00,'Activo',NULL,NULL,NULL,NULL,NULL,NULL,2,1,NULL,NULL,NULL),
(815,296,'GNV 10',10.00,'Activo',NULL,NULL,NULL,NULL,NULL,NULL,2,1,NULL,NULL,NULL),
(816,297,'GNV 10',10.00,'Activo',NULL,NULL,NULL,NULL,NULL,NULL,2,1,NULL,NULL,NULL),
(817,298,'GNV 10',10.00,'Activo',NULL,NULL,NULL,NULL,NULL,NULL,2,1,NULL,NULL,NULL),
(818,299,'GNV 10',10.00,'Activo',NULL,NULL,NULL,NULL,NULL,NULL,2,1,NULL,NULL,NULL),
(819,300,'GNV 10',10.00,'Activo',NULL,NULL,NULL,NULL,NULL,NULL,2,1,NULL,NULL,NULL),
(820,301,'GNV 10',10.00,'Activo',NULL,NULL,NULL,NULL,NULL,NULL,2,1,NULL,NULL,NULL),
(821,302,'GNV 10',10.00,'Activo',NULL,NULL,NULL,NULL,NULL,NULL,2,1,NULL,NULL,NULL),
(822,303,'GNV 10',10.00,'Activo',NULL,NULL,NULL,NULL,NULL,NULL,2,1,NULL,NULL,NULL),
(823,304,'GNV 10',10.00,'Activo',NULL,NULL,NULL,NULL,NULL,NULL,2,1,NULL,NULL,NULL),
(824,305,'GNV 10',10.00,'Activo',NULL,NULL,NULL,NULL,NULL,NULL,2,1,NULL,NULL,NULL),
(825,306,'GNV 10',10.00,'Activo',NULL,NULL,NULL,NULL,NULL,NULL,2,1,NULL,NULL,NULL),
(826,307,'GNV 10',10.00,'Activo',NULL,NULL,NULL,NULL,NULL,NULL,2,1,NULL,NULL,NULL),
(827,308,'GNV 10',10.00,'Activo',NULL,NULL,NULL,NULL,NULL,NULL,2,1,NULL,NULL,NULL),
(828,309,'GNV 10',10.00,'Activo',NULL,NULL,NULL,NULL,NULL,NULL,2,1,NULL,NULL,NULL),
(829,310,'GNV 10',10.00,'Activo',NULL,NULL,NULL,NULL,NULL,NULL,2,1,NULL,NULL,NULL),
(830,311,'GNV 10',10.00,'Activo',NULL,NULL,NULL,NULL,NULL,NULL,2,1,NULL,NULL,NULL),
(831,312,'GNV 10',10.00,'Activo',NULL,NULL,NULL,NULL,NULL,NULL,2,1,NULL,NULL,NULL),
(832,313,'GNV 10',10.00,'Activo',NULL,NULL,NULL,NULL,NULL,NULL,2,1,NULL,NULL,NULL),
(833,314,'GNV 10',10.00,'Activo',NULL,NULL,NULL,NULL,NULL,NULL,2,1,NULL,NULL,NULL),
(834,315,'GNV 10',10.00,'Activo',NULL,NULL,NULL,NULL,NULL,NULL,2,1,NULL,NULL,NULL),
(835,316,'GNV 10',10.00,'Activo',NULL,NULL,NULL,NULL,NULL,NULL,2,1,NULL,NULL,NULL),
(836,317,'GNV 10',10.00,'Activo',NULL,NULL,NULL,NULL,NULL,NULL,2,1,NULL,NULL,NULL),
(837,318,'GNV 10',10.00,'Activo',NULL,NULL,NULL,NULL,NULL,NULL,2,1,NULL,NULL,NULL),
(838,319,'GNV 10',10.00,'Activo',NULL,NULL,NULL,NULL,NULL,NULL,2,1,NULL,NULL,NULL),
(839,320,'GNV 10',10.00,'Activo',NULL,NULL,NULL,NULL,NULL,NULL,2,1,NULL,NULL,NULL),
(840,321,'GNV 10',10.00,'Activo',NULL,NULL,NULL,NULL,NULL,NULL,2,1,NULL,NULL,NULL),
(841,322,'GNV 10',10.00,'Activo',NULL,NULL,NULL,NULL,NULL,NULL,2,1,NULL,NULL,NULL),
(842,323,'GNV 10',10.00,'Activo',NULL,NULL,NULL,NULL,NULL,NULL,2,1,NULL,NULL,NULL),
(843,324,'GNV 10',10.00,'Activo',NULL,NULL,NULL,NULL,NULL,NULL,2,1,NULL,NULL,NULL),
(844,325,'GNV 10',10.00,'Activo',NULL,NULL,NULL,NULL,NULL,NULL,2,1,NULL,NULL,NULL),
(845,326,'GNV 10',10.00,'Activo',NULL,NULL,NULL,NULL,NULL,NULL,2,1,NULL,NULL,NULL),
(846,327,'GNV 10',10.00,'Activo',NULL,NULL,NULL,NULL,NULL,NULL,2,1,NULL,NULL,NULL),
(847,328,'GNV 10',10.00,'Activo',NULL,NULL,NULL,NULL,NULL,NULL,2,1,NULL,NULL,NULL),
(848,329,'GNV 10',10.00,'Activo',NULL,NULL,NULL,NULL,NULL,NULL,2,1,NULL,NULL,NULL),
(849,330,'GNV 10',10.00,'Activo',NULL,NULL,NULL,NULL,NULL,NULL,2,1,NULL,NULL,NULL),
(850,331,'GNV 10',10.00,'Activo',NULL,NULL,NULL,NULL,NULL,NULL,2,1,NULL,NULL,NULL),
(851,332,'GNV 10',10.00,'Activo',NULL,NULL,NULL,NULL,NULL,NULL,2,1,NULL,NULL,NULL),
(852,333,'GNV 10',10.00,'Activo',NULL,NULL,NULL,NULL,NULL,NULL,2,1,NULL,NULL,NULL),
(853,334,'GNV 10',10.00,'Activo',NULL,NULL,NULL,NULL,NULL,NULL,2,1,NULL,NULL,NULL),
(854,335,'GNV 10',10.00,'Activo',NULL,NULL,NULL,NULL,NULL,NULL,2,1,NULL,NULL,NULL),
(855,336,'GNV 10',10.00,'Activo',NULL,NULL,NULL,NULL,NULL,NULL,2,1,NULL,NULL,NULL),
(856,337,'GNV 10',10.00,'Activo',NULL,NULL,NULL,NULL,NULL,NULL,2,1,NULL,NULL,NULL),
(857,338,'GNV 10',10.00,'Activo',NULL,NULL,NULL,NULL,NULL,NULL,2,1,NULL,NULL,NULL),
(858,339,'GNV 10',10.00,'Activo',NULL,NULL,NULL,NULL,NULL,NULL,2,1,NULL,NULL,NULL),
(859,340,'GNV 10',10.00,'Activo',NULL,NULL,NULL,NULL,NULL,NULL,2,1,NULL,NULL,NULL),
(860,341,'GNV 10',10.00,'Activo',NULL,NULL,NULL,NULL,NULL,NULL,2,1,NULL,NULL,NULL),
(861,342,'GNV 10',10.00,'Activo',NULL,NULL,NULL,NULL,NULL,NULL,2,1,NULL,NULL,NULL),
(862,343,'GNV 10',10.00,'Activo',NULL,NULL,NULL,NULL,NULL,NULL,2,1,NULL,NULL,NULL),
(863,344,'GNV 10',10.00,'Activo',NULL,NULL,NULL,NULL,NULL,NULL,2,1,NULL,NULL,NULL),
(864,345,'GNV 10',10.00,'Activo',NULL,NULL,NULL,NULL,NULL,NULL,2,1,NULL,NULL,NULL),
(865,346,'GNV 10',10.00,'Activo',NULL,NULL,NULL,NULL,NULL,NULL,2,1,NULL,NULL,NULL),
(866,347,'GNV 10',10.00,'Activo',NULL,NULL,NULL,NULL,NULL,NULL,2,1,NULL,NULL,NULL),
(867,348,'GNV 10',10.00,'Activo',NULL,NULL,NULL,NULL,NULL,NULL,2,1,NULL,NULL,NULL),
(868,349,'GNV 10',10.00,'Activo',NULL,NULL,NULL,NULL,NULL,NULL,2,1,NULL,NULL,NULL),
(869,350,'GNV 10',10.00,'Activo',NULL,NULL,NULL,NULL,NULL,NULL,2,1,NULL,NULL,NULL),
(870,351,'GNV 10',10.00,'Activo',NULL,NULL,NULL,NULL,NULL,NULL,2,1,NULL,NULL,NULL),
(871,352,'GNV 10',10.00,'Activo',NULL,NULL,NULL,NULL,NULL,NULL,2,1,NULL,NULL,NULL),
(872,353,'GNV 10',10.00,'Activo',NULL,NULL,NULL,NULL,NULL,NULL,2,1,NULL,NULL,NULL),
(873,354,'GNV 10',10.00,'Activo',NULL,NULL,NULL,NULL,NULL,NULL,2,1,NULL,NULL,NULL),
(874,355,'GNV 10',10.00,'Activo',NULL,NULL,NULL,NULL,NULL,NULL,2,1,NULL,NULL,NULL),
(877,358,'GNV 10',10.00,'Activo',NULL,NULL,NULL,NULL,NULL,NULL,2,1,NULL,NULL,NULL),
(878,359,'GNV 10',10.00,'Activo',NULL,NULL,NULL,NULL,NULL,NULL,2,1,NULL,NULL,NULL),
(879,360,'GNV 10',10.00,'Activo',NULL,NULL,NULL,NULL,NULL,NULL,2,1,NULL,NULL,NULL),
(880,361,'GNV 10',10.00,'Activo',NULL,NULL,NULL,NULL,NULL,NULL,2,1,NULL,NULL,NULL),
(881,362,'GNV 10',10.00,'Activo',NULL,NULL,NULL,NULL,NULL,NULL,2,1,NULL,NULL,NULL),
(882,363,'GNV 10',10.00,'Activo',NULL,NULL,NULL,NULL,NULL,NULL,2,1,NULL,NULL,NULL),
(883,364,'GNV 10',10.00,'Activo',NULL,NULL,NULL,NULL,NULL,NULL,2,1,NULL,NULL,NULL),
(884,365,'GNV 10',10.00,'Activo',NULL,NULL,NULL,NULL,NULL,NULL,2,1,NULL,NULL,NULL),
(885,366,'GNV 10',10.00,'Activo',NULL,NULL,NULL,NULL,NULL,NULL,2,1,NULL,NULL,NULL),
(886,367,'GNV 10',10.00,'Activo',NULL,NULL,NULL,NULL,NULL,NULL,2,1,NULL,NULL,NULL),
(887,368,'GNV 10',10.00,'Activo',NULL,NULL,NULL,NULL,NULL,NULL,2,1,NULL,NULL,NULL),
(888,369,'GNV 10',10.00,'Activo',NULL,NULL,NULL,NULL,NULL,NULL,2,1,NULL,NULL,NULL),
(889,370,'GNV 10',10.00,'Activo',NULL,NULL,NULL,NULL,NULL,NULL,2,1,NULL,NULL,NULL),
(890,371,'GNV 10',10.00,'Activo',NULL,NULL,NULL,NULL,NULL,NULL,2,1,NULL,NULL,NULL),
(891,372,'GNV 10',10.00,'Activo',NULL,NULL,NULL,NULL,NULL,NULL,2,1,NULL,NULL,NULL),
(892,373,'GNV 10',10.00,'Activo',NULL,NULL,NULL,NULL,NULL,NULL,2,1,NULL,NULL,NULL),
(893,374,'GNV 10',10.00,'Activo',NULL,NULL,NULL,NULL,NULL,NULL,2,1,NULL,NULL,NULL),
(1018,100,'A',100000.00,'Activo','2022-01-27',NULL,5,5,9,NULL,2,1,NULL,NULL,NULL),
(1019,101,'A',100000.00,'Registrado','2022-01-27',NULL,5,5,9,NULL,6,1,13,NULL,NULL),
(1020,102,'A',100000.00,'Registrado','2022-01-27',NULL,5,5,9,NULL,6,1,13,NULL,NULL),
(1021,103,'A',100000.00,'Registrado','2022-01-27',NULL,5,5,9,NULL,6,1,13,NULL,NULL),
(1022,1230,'ABC',NULL,'Activo',NULL,NULL,NULL,NULL,NULL,NULL,2,1,NULL,NULL,NULL),
(1023,1231,'ABC',NULL,'Activo',NULL,NULL,NULL,NULL,NULL,NULL,2,1,NULL,NULL,NULL),
(1024,1232,'ABC',NULL,'Activo',NULL,NULL,NULL,NULL,NULL,NULL,2,1,NULL,NULL,NULL),
(1025,1233,'ABC',NULL,'Activo',NULL,NULL,NULL,NULL,NULL,NULL,2,1,NULL,NULL,NULL),
(1026,1234,'ABC',NULL,'Activo',NULL,NULL,NULL,NULL,NULL,NULL,2,1,NULL,NULL,NULL),
(1027,1235,'ABC',NULL,'Activo',NULL,NULL,NULL,NULL,NULL,NULL,2,1,NULL,NULL,NULL),
(1028,100,'B',77000.00,'Activo',NULL,NULL,NULL,NULL,NULL,NULL,2,1,NULL,NULL,NULL),
(1029,101,'B',77000.00,'Registrado','2022-01-27',NULL,5,5,9,NULL,6,1,13,NULL,NULL),
(1030,101,'C',500.00,'Registrado','2022-01-27',NULL,5,5,9,NULL,6,1,13,NULL,NULL),
(1031,102,'C',500.00,'Activo',NULL,NULL,NULL,NULL,NULL,NULL,2,1,NULL,NULL,NULL),
(1032,100,'D',6.61,'Registrado','2022-01-27',NULL,5,5,9,NULL,6,1,13,NULL,NULL),
(1033,101,'D',6.61,'Activo',NULL,NULL,NULL,NULL,NULL,NULL,2,1,NULL,NULL,NULL),
(1034,100,'EMSA',2109.83,'Registrado','2022-01-27',NULL,5,5,17,NULL,8,1,14,NULL,NULL),
(1035,101,'EMSA',7528.49,'Usado','2022-01-27',NULL,5,5,9,NULL,9,1,NULL,NULL,NULL),
(1036,102,'EMSA',7528.49,'Usado','2022-01-27',NULL,5,5,9,NULL,7,1,NULL,NULL,NULL),
(1037,103,'EMSA',7528.49,'Usado','2022-01-27',NULL,5,5,9,NULL,7,1,NULL,NULL,NULL),
(1038,104,'EMSA',1499.75,'Registrado','2022-01-27',NULL,5,5,9,NULL,9,1,16,NULL,NULL),
(1039,105,'EMSA',NULL,'Activo',NULL,NULL,NULL,NULL,NULL,NULL,2,1,NULL,NULL,NULL),
(1040,200,'DAOLI SRL',1200.03,'Usado','2022-01-27',NULL,5,5,9,NULL,9,1,NULL,NULL,NULL),
(1041,201,'DAOLI SRL',1200.03,'Usado','2022-01-27',NULL,5,5,9,NULL,7,1,NULL,NULL,NULL),
(1042,202,'DAOLI SRL',1200.30,'Usado','2022-01-27',NULL,5,5,9,NULL,7,1,NULL,NULL,NULL),
(1043,203,'DAOLI SRL',NULL,'Activo',NULL,NULL,NULL,NULL,NULL,NULL,2,1,NULL,NULL,NULL),
(1044,204,'DAOLI SRL',NULL,'Activo',NULL,NULL,NULL,NULL,NULL,NULL,2,1,NULL,NULL,NULL),
(1045,205,'DAOLI SRL',NULL,'Activo',NULL,NULL,NULL,NULL,NULL,NULL,2,1,NULL,NULL,NULL),
(1046,300,'SAN ONOFRE',100.00,'Registrado','2022-01-27',NULL,5,5,9,NULL,9,1,16,NULL,NULL),
(1047,301,'SAN ONOFRE',NULL,'Activo',NULL,NULL,NULL,NULL,NULL,NULL,2,1,NULL,NULL,NULL),
(1048,302,'SAN ONOFRE',NULL,'Activo',NULL,NULL,NULL,NULL,NULL,NULL,2,1,NULL,NULL,NULL),
(1049,303,'SAN ONOFRE',NULL,'Activo',NULL,NULL,NULL,NULL,NULL,NULL,2,1,NULL,NULL,NULL),
(1050,304,'SAN ONOFRE',NULL,'Activo',NULL,NULL,NULL,NULL,NULL,NULL,2,1,NULL,NULL,NULL),
(1051,305,'SAN ONOFRE',NULL,'Activo',NULL,NULL,NULL,NULL,NULL,NULL,2,1,NULL,NULL,NULL),
(1052,400,'LOGISTICA',2539.68,'Usado','2022-01-27',NULL,5,5,9,NULL,7,1,NULL,NULL,NULL),
(1053,401,'LOGISTICA',2539.68,'Usado','2022-01-27',NULL,5,5,9,NULL,7,1,NULL,NULL,NULL),
(1054,402,'LOGISTICA',NULL,'Activo',NULL,NULL,NULL,NULL,NULL,NULL,2,1,NULL,NULL,NULL),
(1055,403,'LOGISTICA',NULL,'Activo',NULL,NULL,NULL,NULL,NULL,NULL,2,1,NULL,NULL,NULL),
(1056,404,'LOGISTICA',NULL,'Activo',NULL,NULL,NULL,NULL,NULL,NULL,2,1,NULL,NULL,NULL),
(1057,405,'LOGISTICA',NULL,'Activo',NULL,NULL,NULL,NULL,NULL,NULL,2,1,NULL,NULL,NULL);

/*Data for the table `turns` */

insert  into `turns`(`id`,`nombre`,`estado`,`hora_inicio`,`hora_fin`,`office_id`) values 
(1,'A','Activo','00:00:00','00:00:00',2),
(2,'B','Activo','00:00:00','00:00:00',2),
(3,'C','Activo','00:00:00','00:00:00',2),
(4,'D','Activo','00:00:00','00:00:00',2),
(5,'A','Activo','06:00:00','13:59:00',1),
(6,'B','Activo','14:00:00','21:59:00',1),
(7,'C','Activo','22:00:00','11:59:00',1),
(8,'E','Activo','12:00:00','05:59:00',1);

/*Data for the table `users` */

insert  into `users`(`id`,`name`,`email`,`email_verified_at`,`password`,`role_id`,`remember_token`,`created_at`,`updated_at`,`deleted_at`) values 
(1,'john','john@gmail.com',NULL,'$2a$12$zgkb1g0b9czdFNvprtiydO7XJouEeP8La3Szqm7ftqirALmqD0bH6',1,'YMdu2QZxE5fnGzy4nxQAxetDAy0E9cfx8AYdALUHaqbCUusjXVuNitTOyCoj','2021-04-07 05:52:46','2021-04-07 05:52:46',NULL),
(2,'Admin','admin@admin.admin',NULL,'$2y$10$.2fATZePr6Zb9R1oz6bgx.iX59ka8lLJIouDvtQ4nJW3FSrR3D0/i',2,'DFGYpAOUWLyugIj1KqKwl8GzRaC1Sq1IX5yku6Tx8IWkVUzJWlsO1ppauYKT','2021-12-17 05:07:21','2022-01-19 00:58:51',NULL),
(3,'Operador','operador@operador.ope',NULL,'$2y$10$QQJNiewFYliI4yaU2tbQIeNnBhlY8dcAI0M/JRQ/QsHtimbV4iVOm',4,'ePs15hdofhqQtL2IIosbgKrfHWtAMf1c0TZgFiSqBKlYKMWJih75D6NJHtVd','2021-12-29 10:32:26','2022-01-19 01:02:54',NULL),
(4,'Jhenny','jhenny@gmail.com',NULL,'$2y$10$gSE2sglHa/4/XNSHAsfn7Orhxb1SlU3w8Su61xTe8ty7gDHPzEa3a',4,NULL,'2022-01-14 07:35:34','2022-01-22 05:36:34','2022-01-22 05:36:34'),
(5,'sa',NULL,NULL,'$2y$10$uTC0ATdu30HzWWjzz1bPv.nnBF6Qu9aa/YsYh91cR2rHDeYzt56mC',3,NULL,'2022-01-18 06:32:36','2022-01-21 04:16:29','2022-01-21 04:16:29'),
(6,'Junior','0',NULL,'$2y$10$nsgh04iIw15R7v7yCS.PtexITlIEoAiw8XadsEgcoBu7GBzf6fKeO',4,'ybmTZElUnXsrtye9fJwQZILmxUsE55c4oIqFSJ90p5IbXXoD0HzGZu1HR2Gm','2022-01-22 05:44:17','2022-01-25 19:23:27',NULL),
(7,'Jacquelin','0',NULL,'$2y$10$zxRcfpr2z55eiXHWEi5cUORXXRYmUnuCumjcJ0lBNbOlTOJxi92c6',4,NULL,'2022-01-22 06:06:29','2022-01-22 06:06:29',NULL),
(8,'Galia','0',NULL,'$2y$10$ezI8w9SQt9UNnuExBbU6Ue/tW8g1QvtNbm.034h6gSZuXQXjGg.Ny',4,NULL,'2022-01-22 06:17:39','2022-01-22 06:17:39',NULL),
(9,'Adriana','0',NULL,'$2y$10$pyVhYysgq/CQPtlQnFwBpOiMfYoqG5l/S2hfy9vy8XL03etIGJlV.',4,NULL,'2022-01-22 06:23:39','2022-01-25 19:24:07',NULL);

/*Data for the table `vehicles` */

insert  into `vehicles`(`id`,`placa`,`marca`,`modelo`,`anyo`,`color`,`estado`,`client_id`,`created_at`,`updated_at`) values 
(4,'2125-dar','NM',NULL,NULL,NULL,'Activo',3,NULL,NULL),
(5,'1827-FYT','RENAULT','RENAULT','1998','BLANCO','Activo',4,NULL,NULL);

/*!40101 SET SQL_MODE=@OLD_SQL_MODE */;
/*!40014 SET FOREIGN_KEY_CHECKS=@OLD_FOREIGN_KEY_CHECKS */;
/*!40014 SET UNIQUE_CHECKS=@OLD_UNIQUE_CHECKS */;
/*!40111 SET SQL_NOTES=@OLD_SQL_NOTES */;
